R_ly,density
10,9.525208986589457e+26
20,9.524723636972446e+26
30,9.524228533610233e+26
40,9.523723481535843e+26
50,9.523208281927743e+26
60,9.522682732035383e+26
70,9.522146625103347e+26
80,9.52159975029414e+26
90,9.521041892609539e+26
100,9.520472832810525e+26
110,9.519892347335749e+26
120,9.51930020821853e+26
130,9.51869618300232e+26
140,9.518080034654686e+26
150,9.517451521479692e+26
160,9.51681039702875e+26
170,9.516156410009836e+26
180,9.515489304195109e+26
190,9.514808818326864e+26
200,9.514114686021825e+26
210,9.51340663567373e+26
220,9.512684390354208e+26
230,9.511947667711893e+26
240,9.511196179869772e+26
250,9.510429633320743e+26
260,9.50964772882134e+26
270,9.508850161283607e+26
280,9.508036619665111e+26
290,9.507206786857045e+26
300,9.506360339570408e+26
310,9.505496948220233e+26
320,9.504616276807839e+26
330,9.503717982801089e+26
340,9.502801717012596e+26
350,9.501867123475908e+26
360,9.500913839319589e+26
370,9.499941494639198e+26
380,9.498949712367157e+26
390,9.49793810814044e+26
400,9.496906290166091e+26
410,9.49585385908455e+26
420,9.494780407830723e+26
430,9.49368552149283e+26
440,9.492568777168941e+26
450,9.491429743821245e+26
460,9.490267982127973e+26
470,9.489083044332969e+26
480,9.48787447409292e+26
490,9.486641806322163e+26
500,9.485384567035097e+26
510,9.484102273186146e+26
520,9.482794432507304e+26
530,9.481460543343155e+26
540,9.480100094483433e+26
550,9.478712564993087e+26
560,9.477297424039765e+26
570,9.475854130718825e+26
580,9.474382133875713e+26
590,9.472880871925847e+26
600,9.471349772671838e+26
610,9.469788253118178e+26
620,9.468195719283279e+26
630,9.466571566008908e+26
640,9.464915176767008e+26
650,9.463225923463865e+26
660,9.461503166241659e+26
670,9.459746253277351e+26
680,9.457954520578966e+26
690,9.456127291779195e+26
700,9.454263877926383e+26
710,9.452363577272882e+26
720,9.450425675060761e+26
730,9.44844944330492e+26
740,9.446434140573575e+26
750,9.444379011766163e+26
760,9.442283287888667e+26
770,9.440146185826385e+26
780,9.437966908114157e+26
790,9.435744642704083e+26
800,9.433478562730766e+26
810,9.4311678262741e+26
820,9.428811576119634e+26
830,9.426408939516575e+26
840,9.423959027933444e+26
850,9.421460936811448e+26
860,9.41891374531562e+26
870,9.416316516083765e+26
880,9.413668294973299e+26
890,9.410968110806017e+26
900,9.408214975110878e+26
910,9.405407881864872e+26
920,9.402545807232055e+26
930,9.39962770930083e+26
940,9.396652527819572e+26
950,9.393619183930681e+26
960,9.390526579903191e+26
970,9.387373598864019e+26
980,9.38415910452797e+26
990,9.38088194092665e+26
1000,9.377540932136388e+26
1010,9.374134882005309e+26
1020,9.370662573879724e+26
1030,9.367122770329955e+26
1040,9.363514212875794e+26
1050,9.359835621711748e+26
1060,9.356085695432229e+26
1070,9.352263110756936e+26
1080,9.348366522256554e+26
1090,9.344394562079032e+26
1100,9.34034583967663e+26
1110,9.336218941533982e+26
1120,9.332012430897393e+26
1130,9.327724847505635e+26
1140,9.323354707322494e+26
1150,9.318900502271357e+26
1160,9.314360699972095e+26
1170,9.309733743480585e+26
1180,9.305018051031117e+26
1190,9.300212015782082e+26
1200,9.295314005565225e+26
1210,9.290322362638827e+26
1220,9.285235403445203e+26
1230,9.280051418372862e+26
1240,9.274768671523757e+26
1250,9.269385400486003e+26
1260,9.263899816112516e+26
1270,9.258310102305994e+26
1280,9.252614415810721e+26
1290,9.246810886011645e+26
1300,9.240897614741228e+26
1310,9.234872676094603e+26
1320,9.228734116253513e+26
1330,9.222479953319641e+26
1340,9.216108177157841e+26
1350,9.209616749249875e+26
1360,9.203003602559254e+26
1370,9.19626664140782e+26
1380,9.189403741364677e+26
1390,9.182412749148137e+26
1400,9.175291482541402e+26
1410,9.168037730322623e+26
1420,9.160649252210076e+26
1430,9.153123778823237e+26
1440,9.145459011660434e+26
1450,9.137652623093938e+26
1460,9.129702256383247e+26
1470,9.121605525707389e+26
1480,9.113360016217128e+26
1490,9.104963284107862e+26
1500,9.096412856714176e+26
1510,9.087706232626902e+26
1520,9.078840881833626e+26
1530,9.069814245883613e+26
1540,9.060623738078037e+26
1550,9.051266743686612e+26
1560,9.041740620191517e+26
1570,9.03204269755971e+26
1580,9.022170278544626e+26
1590,9.012120639018345e+26
1600,9.001891028335266e+26
1610,8.991478669728415e+26
1620,8.980880760739446e+26
1630,8.970094473683486e+26
1640,8.959116956149923e+26
1650,8.947945331540305e+26
1660,8.93657669964447e+26
1670,8.925008137256079e+26
1680,8.913236698828731e+26
1690,8.901259417173798e+26
1700,8.889073304201188e+26
1710,8.876675351704195e+26
1720,8.864062532189624e+26
1730,8.85123179975436e+26
1740,8.838180091009546e+26
1750,8.824904326053576e+26
1760,8.81140140949499e+26
1770,8.797668231526497e+26
1780,8.783701669051194e+26
1790,8.769498586862137e+26
1800,8.755055838876339e+26
1810,8.74037026942427e+26
1820,8.725438714595917e+26
1830,8.710258003644407e+26
1840,8.694824960448179e+26
1850,8.679136405032655e+26
1860,8.66318915515232e+26
1870,8.646980027934034e+26
1880,8.63050584158245e+26
1890,8.613763417148229e+26
1900,8.596749580359788e+26
1910,8.579461163519215e+26
1920,8.561895007462881e+26
1930,8.544047963587304e+26
1940,8.525916895940625e+26
1950,8.507498683380053e+26
1960,8.488790221795551e+26
1970,8.469788426399853e+26
1980,8.45049023408493e+26
1990,8.430892605844818e+26
2000,8.410992529264655e+26
2010,8.390787021075665e+26
2020,8.370273129775667e+26
2030,8.349447938314614e+26
2040,8.328308566844483e+26
2050,8.306852175532746e+26
2060,8.285075967438467e+26
2070,8.262977191449941e+26
2080,8.240553145282642e+26
2090,8.217801178536082e+26
2100,8.194718695808008e+26
2110,8.171303159864201e+26
2120,8.147552094861982e+26
2130,8.123463089625301e+26
2140,8.09903380096919e+26
2150,8.07426195707105e+26
2160,8.049145360886191e+26
2170,8.023681893604688e+26
2180,7.997869518146607e+26
2190,7.971706282692247e+26
2200,7.945190324244026e+26
2210,7.918319872216292e+26
2220,7.89109325204923e+26
2230,7.863508888842776e+26
2240,7.835565311006231e+26
2250,7.80726115391913e+26
2260,7.778595163598625e+26
2270,7.74956620036849e+26
2280,7.720173242524664e+26
2290,7.690415389991972e+26
2300,7.660291867966583e+26
2310,7.629802030538462e+26
2320,7.598945364287953e+26
2330,7.567721491850441e+26
2340,7.536130175442842e+26
2350,7.504171320345538e+26
2360,7.471844978333203e+26
2370,7.439151351047804e+26
2380,7.406090793306979e+26
2390,7.372663816340789e+26
2400,7.338871090949841e+26
2410,7.304713450577537e+26
2420,7.270191894289296e+26
2430,7.235307589651347e+26
2440,7.200061875501814e+26
2450,7.164456264606621e+26
2460,7.128492446192873e+26
2470,7.09217228835226e+26
2480,7.055497840307111e+26
2490,7.018471334531771e+26
2500,6.98109518872202e+26
2510,6.94337200760532e+26
2520,6.905304584584854e+26
2530,6.866895903210361e+26
2540,6.828149138469003e+26
2550,6.789067657889628e+26
2560,6.74965502245403e+26
2570,6.709914987308982e+26
2580,6.669851502273148e+26
2590,6.629468712133158e+26
2600,6.588770956723512e+26
2610,6.547762770785227e+26
2620,6.506448883598568e+26
2630,6.464834218385465e+26
2640,6.422923891477734e+26
2650,6.380723211247489e+26
2660,6.338237676796711e+26
2670,6.295472976403265e+26
2680,6.252434985721217e+26
2690,6.209129765733735e+26
2700,6.16556356045739e+26
2710,6.1217427943972055e+26
2720,6.077674069752296e+26
2730,6.033364163372524e+26
2740,5.988820023467156e+26
2750,5.9440487660670246e+26
2760,5.8990576712423465e+26
2770,5.853854179078863e+26
2780,5.808445885415575e+26
2790,5.7628405373479545e+26
2800,5.717046028501037e+26
2810,5.6710703940774474e+26
2820,5.624921805685931e+26
2830,5.578608565956561e+26
2840,5.532139102949343e+26
2850,5.485521964363484e+26
2860,5.438765811555113e+26
2870,5.3918794133717956e+26
2880,5.34487163981263e+26
2890,5.29775145552324e+26
2900,5.2505279131354066e+26
2910,5.203210146461526e+26
2920,5.155807363554498e+26
2930,5.1083288396439915e+26
2940,5.0607839099604424e+26
2950,5.0131819624584096e+26
2960,4.965532430451231e+26
2970,4.917844785169158e+26
2980,4.8701285282534045e+26
2990,4.822393184198658e+26
3000,4.7746482927568606e+26
3010,4.7269034013150634e+26
3020,4.679168057260318e+26
3030,4.6314518003445624e+26
3040,4.583764155062491e+26
3050,4.5361146230553116e+26
3060,4.488512675553279e+26
3070,4.4409677458697296e+26
3080,4.3934892219592224e+26
3090,4.346086439052195e+26
3100,4.298768672378316e+26
3110,4.251545129990481e+26
3120,4.204424945701091e+26
3130,4.157417172141925e+26
3140,4.110530773958608e+26
3150,4.063774621150237e+26
3160,4.017157482564378e+26
3170,3.970688019557161e+26
3180,3.92437477982779e+26
3190,3.878226191436274e+26
3200,3.832250557012684e+26
3210,3.786456048165767e+26
3220,3.740850700098145e+26
3230,3.695442406434858e+26
3240,3.650238914271374e+26
3250,3.6052478194466966e+26
3260,3.5604765620465655e+26
3270,3.5159324221411966e+26
3280,3.4716225157614256e+26
3290,3.427553791116515e+26
3300,3.383733025056331e+26
3310,3.340166819779987e+26
3320,3.296861599792504e+26
3330,3.253823609110457e+26
3340,3.211058908717011e+26
3350,3.168573374266232e+26
3360,3.126372694035987e+26
3370,3.0844623671282556e+26
3380,3.0428477019151548e+26
3390,3.0015338147284946e+26
3400,2.96052562879021e+26
3410,2.919827873380563e+26
3420,2.8794450832405743e+26
3430,2.83938159820474e+26
3440,2.7996415630596918e+26
3450,2.7602289276240924e+26
3460,2.7211474470447185e+26
3470,2.68240068230336e+26
3480,2.6439920009288668e+26
3490,2.605924577908401e+26
3500,2.5682013967917015e+26
3510,2.5308252509819495e+26
3520,2.49379874520661e+26
3530,2.4571242971614602e+26
3540,2.420804139320847e+26
3550,2.3848403209071005e+26
3560,2.3492347100119077e+26
3570,2.3139889958623736e+26
3580,2.2791046912244256e+26
3590,2.244583134936183e+26
3600,2.2104254945638803e+26
3610,2.176632769172931e+26
3620,2.143205792206743e+26
3630,2.1101452344659164e+26
3640,2.0774516071805183e+26
3650,2.045125265168183e+26
3660,2.0131664100708803e+26
3670,1.9815750936632807e+26
3680,1.9503512212257677e+26
3690,1.9194945549752587e+26
3700,1.8890047175471372e+26
3710,1.858881195521749e+26
3720,1.829123342989057e+26
3730,1.79973038514523e+26
3740,1.7707014219150965e+26
3750,1.7420354315945907e+26
3760,1.7137312745074905e+26
3770,1.6857876966709458e+26
3780,1.658203333464491e+26
3790,1.6309767132974304e+26
3800,1.604106261269696e+26
3810,1.5775903028214736e+26
3820,1.5514270673671142e+26
3830,1.5256146919090325e+26
3840,1.5001512246275308e+26
3850,1.4750346284426698e+26
3860,1.450262784544532e+26
3870,1.42583349588842e+26
3880,1.4017444906517396e+26
3890,1.3779934256495191e+26
3900,1.3545778897057133e+26
3910,1.3314954069776389e+26
3920,1.308743440231079e+26
3930,1.2863193940637792e+26
3940,1.264220618075253e+26
3950,1.2424444099809751e+26
3960,1.2209880186692396e+26
3970,1.1998486471991083e+26
3980,1.1790234557380537e+26
3990,1.1585095644380554e+26
4000,1.1383040562490656e+26
4010,1.1184039796689037e+26
4020,1.098806351428791e+26
4030,1.079508159113868e+26
4040,1.0605063637181698e+26
4050,1.0417979021336675e+26
4060,1.0233796895730972e+26
4070,1.0052486219264165e+26
4080,9.874015780508399e+25
4090,9.698354219945068e+25
4100,9.525470051539328e+25
4110,9.355331683654937e+25
4120,9.187907439312721e+25
4130,9.02316557579688e+25
4140,8.861074303614023e+25
4150,8.701601804810658e+25
4160,8.544716250655436e+25
4170,8.390385818693148e+25
4180,8.238578709178039e+25
4190,8.08926316089451e+25
4200,7.94240746637382e+25
4210,7.79797998651584e+25
4220,7.655949164625282e+25
4230,7.5162835398722584e+25
4240,7.378951760187323e+25
4250,7.243922594601462e+25
4260,7.111164945041749e+25
4270,6.980647857593625e+25
4280,6.852340533240972e+25
4290,6.726212338095269e+25
4300,6.602232813125341e+25
4310,6.480371683399233e+25
4320,6.3605988668498965e+25
4330,6.242884482576417e+25
4340,6.127198858692518e+25
4350,6.013512539734163e+25
4360,5.901796293637988e+25
4370,5.792021118302362e+25
4380,5.684158247742751e+25
4390,5.578179157853062e+25
4400,5.474055571784553e+25
4410,5.371759464953773e+25
4420,5.271263069690956e+25
4430,5.17253887954012e+25
4440,5.07555965322204e+25
4450,4.9802984182710895e+25
4460,4.886728474356837e+25
4470,4.794823396301088e+25
4480,4.70455703680094e+25
4490,4.615903528868208e+25
4500,4.528837287995452e+25
4510,4.443333014058585e+25
4520,4.359365692965922e+25
4530,4.276910598063309e+25
4540,4.1959432913047554e+25
4550,4.116439624197832e+25
4560,4.038375738532876e+25
4570,3.961728066904845e+25
4580,3.886473333036449e+25
4590,3.812588551910997e+25
4600,3.7400510297231873e+25
4610,3.668838363655849e+25
4620,3.5989284414904545e+25
4630,3.5302994410590028e+25
4640,3.462929829544675e+25
4650,3.39679836263847e+25
4660,3.3318840835587895e+25
4670,3.2681663219407915e+25
4680,3.2056246926020875e+25
4690,3.144239094191193e+25
4700,3.083989707724924e+25
4710,3.024856995020761e+25
4720,2.9668216970299914e+25
4730,2.9098648320772703e+25
4740,2.853967694012054e+25
4750,2.799111850277172e+25
4760,2.7452791398996327e+25
4770,2.6924516714085853e+25
4780,2.6406118206851837e+25
4790,2.589742228748935e+25
4800,2.539825799484955e+25
4810,2.490845697316379e+25
4820,2.4427853448260427e+25
4830,2.3956284203313674e+25
4840,2.3493588554162546e+25
4850,2.3039608324236487e+25
4860,2.259418781912262e+25
4870,2.2157173800808504e+25
4880,2.1728415461632647e+25
4890,2.130776439797383e+25
4900,2.089507458370914e+25
4910,2.0490202343469e+25
4920,2.0093006325716707e+25
4930,1.970334747567851e+25
4940,1.9321089008149257e+25
4950,1.8946096380197466e+25
4960,1.8578237263792642e+25
4970,1.8217381518376628e+25
4980,1.7863401163399684e+25
4990,1.7516170350841138e+25
5000,1.717556533773338e+25
5010,1.6841464458707172e+25
5020,1.6513748098575206e+25
5030,1.6192298664970245e+25
5040,1.5877000561052917e+25
5050,1.556774015830406e+25
5060,1.5264405769414978e+25
5070,1.4966887621289057e+25
5080,1.4675077828166601e+25
5090,1.4388870364884957e+25
5100,1.4108161040284388e+25
5110,1.3832847470770476e+25
5120,1.3562829054042264e+25
5130,1.3298006942995648e+25
5140,1.3038284019810118e+25
5150,1.2783564870227203e+25
5160,1.2533755758027638e+25
5170,1.2288764599714543e+25
5180,1.2048500939408694e+25
5190,1.1812875923962168e+25
5200,1.1581802278295513e+25
5210,1.1355194280963886e+25
5220,1.1132967739956433e+25
5230,1.0915039968733514e+25
5240,1.0701329762505346e+25
5250,1.049175737475586e+25
5260,1.0286244494014648e+25
5270,1.0084714220880076e+25
5280,9.887091045295973e+24
5290,9.693300824083995e+24
5300,9.503270758733854e+24
5310,9.316929373452736e+24
5320,9.134206493475567e+24
5330,8.955033223637014e+24
5340,8.779341927206337e+24
5350,8.607066204985513e+24
5360,8.438140874671319e+24
5370,8.272501950481364e+24
5380,8.110086623044375e+24
5390,7.950833239554307e+24
5400,7.79468128418826e+24
5410,7.641571358787417e+24
5420,7.491445163800648e+24
5430,7.344245479489733e+24
5440,7.199916147395485e+24
5450,7.058402052063533e+24
5460,6.919649103028739e+24
5470,6.783604217056782e+24
5480,6.650215300641658e+24
5490,6.519431232757395e+24
5500,6.391201847862573e+24
5510,6.265477919155724e+24
5520,6.142211142080002e+24
5530,6.021354118075167e+24
5540,5.90286033857489e+24
5550,5.786684169247515e+24
5560,5.672780834478015e+24
5570,5.561106402089188e+24
5580,5.451617768299735e+24
5590,5.344272642917145e+24
5600,5.239029534762943e+24
5610,5.135847737328134e+24
5620,5.034687314656321e+24
5630,4.935509087452266e+24
5640,4.838274619413296e+24
5650,4.742946203781285e+24
5660,4.649486850112547e+24
5670,4.5578602712633125e+24
5680,4.468030870588139e+24
5690,4.3799637293488367e+24
5700,4.2936245943312583e+24
5710,4.2089798656675166e+24
5720,4.125996584860954e+24
5730,4.044642423011412e+24
5740,3.96488566923812e+24
5750,3.8866952192977506e+24
5760,3.810040564394959e+24
5770,3.734891780182933e+24
5780,3.6612195159513513e+24
5790,3.588994983999167e+24
5800,3.5181899491897505e+24
5810,3.4487767186857435e+24
5820,3.380728131861209e+24
5830,3.314017550388449e+24
5840,3.2486188484970905e+24
5850,3.1845064034028453e+24
5860,3.121655085903566e+24
5870,3.060040251140046e+24
5880,2.999637729519199e+24
5890,2.940423817797123e+24
5900,2.882375270319703e+24
5910,2.8254692904182964e+24
5920,2.7696835219582053e+24
5930,2.7149960410375093e+24
5940,2.6613853478340105e+24
5950,2.608830358597897e+24
5960,2.5573103977879295e+24
5970,2.5068051903488085e+24
5980,2.457294854127548e+24
5990,2.4087598924265797e+24
6000,2.361181186691461e+24
6010,2.3145399893309435e+24
6020,2.2688179166673223e+24
6030,2.2239969420149153e+24
6040,2.1800593888845593e+24
6050,2.1369879243121024e+24
6060,2.094765552308783e+24
6070,2.0533756074315385e+24
6080,2.0128017484711814e+24
6090,1.973027952256538e+24
6100,1.934038507572536e+24
6110,1.8958180091903855e+24
6120,1.8583513520078988e+24
6130,1.8216237252981275e+24
6140,1.785620607064426e+24
6150,1.7503277585001675e+24
6160,1.7157312185512692e+24
6170,1.6818172985798032e+24
6180,1.6485725771268992e+24
6190,1.6159838947732694e+24
6200,1.5840383490956074e+24
6210,1.5527232897172373e+24
6220,1.5220263134513214e+24
6230,1.4919352595350471e+24
6240,1.4624382049531484e+24
6250,1.4335234598492336e+24
6260,1.4051795630233217e+24
6270,1.3773952775140972e+24
6280,1.3501595862643605e+24
6290,1.323461687868186e+24
6300,1.297290992398353e+24
6310,1.2716371173125834e+24
6320,1.2464898834372037e+24
6330,1.22183931102681e+24
6340,1.1976756158985972e+24
6350,1.1739892056399745e+24
6360,1.1507706758881726e+24
6370,1.1280108066805077e+24
6380,1.1057005588740512e+24
6390,1.0838310706334092e+24
6400,1.062393653985405e+24
6410,1.0413797914394089e+24
6420,1.0207811326721494e+24
6430,1.0005894912757907e+24
6440,9.807968415681469e+23
6450,9.613953154638621e+23
6460,9.423771994054625e+23
6470,9.237349313531467e+23
6480,9.0546109783226e+23
6490,8.875484310373561e+23
6500,8.699898059918281e+23
6510,8.527782377620472e+23
6520,8.359068787250249e+23
6530,8.193690158885855e+23
6540,8.031580682630739e+23
6550,7.872675842836462e+23
6560,7.71691239282185e+23
6570,7.564228330079275e+23
6580,7.414562871958768e+23
6590,7.267856431821203e+23
6600,7.124050595651554e+23
6610,6.983088099123786e+23
6620,6.844912805108677e+23
6630,6.709469681616445e+23
6640,6.576704780165779e+23
6650,6.44656521457144e+23
6660,6.318999140142321e+23
6670,6.193955733282396e+23
6680,6.071385171486772e+23
6690,5.951238613725513e+23
6700,5.833468181207735e+23
6710,5.7180269385189093e+23
6720,5.604868875124134e+23
6730,5.493948887230577e+23
6740,5.3852227600020884e+23
6750,5.278647150119458e+23
6760,5.174179568679553e+23
6770,5.071778364427024e+23
6780,4.971402707312156e+23
6790,4.8730125723686144e+23
6800,4.776568723905067e+23
6810,4.682032700004556e+23
6820,4.589366797325857e+23
6830,4.49853405620091e+23
6840,4.409498246022786e+23
6850,4.32222385091847e+23
6860,4.236676055701149e+23
6870,4.1528207320964806e+23
6880,4.0706244252377285e+23
6890,3.990054340424454e+23
6900,3.911078330139826e+23
6910,3.833664881321442e+23
6920,3.7577831028809005e+23
6930,3.683402713467216e+23
6940,3.610494029469484e+23
6950,3.539027953254066e+23
6960,3.46897596163189e+23
6970,3.4003100945512955e+23
6980,3.333002944012187e+23
6990,3.267027643197105e+23
7000,3.2023578558151204e+23
7010,3.138967765654341e+23
7020,3.076832066339067e+23
7030,3.0159259512875838e+23
7040,2.9562251038667408e+23
7050,2.8977056877394375e+23
7060,2.840344337401364e+23
7070,2.7841181489032497e+23
7080,2.7290046707550748e+23
7090,2.6749818950086392e+23
7100,2.622028248515112e+23
7110,2.5701225843540906e+23
7120,2.51924417343089e+23
7130,2.469372696238714e+23
7140,2.4204882347825967e+23
7150,2.3725712646618868e+23
7160,2.3256026473082488e+23
7170,2.2795636223760742e+23
7180,2.2344358002824268e+23
7190,2.1902011548935358e+23
7200,2.1468420163550294e+23
7210,2.104341064063045e+23
7220,2.0626813197735375e+23
7230,2.0218461408470433e+23
7240,1.9818192136262822e+23
7250,1.942584546943958e+23
7260,1.9041264657582854e+23
7270,1.8664296049136863e+23
7280,1.8294789030242397e+23
7290,1.7932595964774923e+23
7300,1.7577572135562312e+23
7310,1.722957568675976e+23
7320,1.688846756735879e+23
7330,1.655411147580845e+23
7340,1.6226373805726508e+23
7350,1.5905123592679884e+23
7360,1.5590232462012948e+23
7370,1.5281574577703424e+23
7380,1.4979026592225423e+23
7390,1.4682467597400348e+23
7400,1.4391779076215917e+23
7410,1.410684485559464e+23
7420,1.3827551060092692e+23
7430,1.3553786066511511e+23
7440,1.3285440459403734e+23
7450,1.3022406987456303e+23
7460,1.276458052073309e+23
7470,1.251185800876068e+23
7480,1.2264138439440359e+23
7490,1.2021322798770401e+23
7500,1.1783314031362361e+23
7510,1.1550017001736202e+23
7520,1.13213384563787e+23
7530,1.1097186986550166e+23
7540,1.0877472991824926e+23
7550,1.0662108644350841e+23
7560,1.0451007853814099e+23
7570,1.024408623309515e+23
7580,1.0041261064602384e+23
7590,9.842451267269942e+22
7600,9.647577364206993e+22
7610,9.456561450985328e+22
7620,9.269327164552962e+22
7630,9.085799652761141e+22
7640,8.905905544493035e+22
7650,8.729572920381982e+22
7660,8.556731284107907e+22
7670,8.387311534260271e+22
7680,8.221245936756706e+22
7690,8.05846809780615e+22
7700,7.898912937405954e+22
7710,7.742516663362181e+22
7720,7.589216745823137e+22
7730,7.438951892315725e+22
7740,7.291662023274957e+22
7750,7.14728824805663e+22
7760,7.00577284142396e+22
7770,6.86705922049861e+22
7780,6.731091922167035e+22
7790,6.597816580933235e+22
7800,6.467179907208923e+22
7810,6.3391296660327455e+22
7820,6.213614656209889e+22
7830,6.090584689863933e+22
7840,5.969990572392636e+22
7850,5.85178408281992e+22
7860,5.735917954536054e+22
7870,5.622345856418521e+22
7880,5.511022374325874e+22
7890,5.401902992957456e+22
7900,5.294944078071586e+22
7910,5.190102859055257e+22
7920,5.087337411838266e+22
7930,4.98660664214517e+22
7940,4.887870269078244e+22
7950,4.791088809025017e+22
7960,4.696223559883856e+22
7970,4.603236585601483e+22
7980,4.512090701016111e+22
7990,4.422749457000321e+22
8000,4.335177125897569e+22
8010,4.249338687246738e+22
8020,4.165199813788889e+22
8030,4.082726857750718e+22
8040,4.00188683739926e+22
8050,3.9226474238623875e+22
8060,3.844976928210004e+22
8070,3.7688442887906573e+22
8080,3.6942190588186296e+22
8090,3.6210713942064252e+22
8100,3.5493720416379665e+22
8110,3.4790923268776243e+22
8120,3.410204143310503e+22
8130,3.342679940709314e+22
8140,3.2764927142234885e+22
8150,3.211615993586029e+22
8160,3.148023832533888e+22
8170,3.0856907984375418e+22
8180,3.0245919621357565e+22
8190,2.964702887971394e+22
8200,2.90599962402435e+22
8210,2.8484586925376496e+22
8220,2.7920570805329815e+22
8230,2.736772230611846e+22
8240,2.682582031938717e+22
8250,2.6294648114025245e+22
8260,2.5773993249530486e+22
8270,2.526364749108686e+22
8280,2.476340672632225e+22
8290,2.427307088371335e+22
8300,2.3792443852604452e+22
8310,2.3321333404809078e+22
8320,2.2859551117762525e+22
8330,2.2406912299195135e+22
8340,2.1963235913295544e+22
8350,2.1528344508335303e+22
8360,2.1102064145725374e+22
8370,2.068422433047651e+22
8380,2.0274657943035325e+22
8390,1.9873201172469512e+22
8400,1.9479693450974954e+22
8410,1.9093977389678977e+22
8420,1.8715898715713676e+22
8430,1.834530621053475e+22
8440,1.7982051649460753e+22
8450,1.7625989742408986e+22
8460,1.7276978075803882e+22
8470,1.6934877055635302e+22
8480,1.6599549851643492e+22
8490,1.6270862342608828e+22
8500,1.5948683062723958e+22
8510,1.5632883149027586e+22
8520,1.5323336289878406e+22
8530,1.5019918674448798e+22
8540,1.4722508943218218e+22
8550,1.4430988139446133e+22
8560,1.4145239661605617e+22
8570,1.3865149216758258e+22
8580,1.3590604774851943e+22
8590,1.3321496523922997e+22
8600,1.3057716826185186e+22
8610,1.2799160174987673e+22
8620,1.2545723152625054e+22
8630,1.2297304388982186e+22
8640,1.2053804520997814e+22
8650,1.1815126152930382e+22
8660,1.1581173817410444e+22
8670,1.1351853937263781e+22
8680,1.1127074788090373e+22
8690,1.0906746461583944e+22
8700,1.0690780829577697e+22
8710,1.0479091508801494e+22
8720,1.0271593826336882e+22
8730,1.0068204785755752e+22
8740,9.868843033929405e+21
8750,9.673428828494414e+21
8760,9.481884005962688e+21
8770,9.294131950462703e+21
8780,9.110097563099485e+21
8790,8.929707231921208e+21
8800,8.752888802480148e+21
8810,8.579571548976548e+21
8820,8.409686145973616e+21
8830,8.243164640672522e+21
8840,8.079940425736095e+21
8850,7.919948212650626e+21
8860,7.76312400561493e+21
8870,7.609405075946375e+21
8880,7.458729936993432e+21
8890,7.311038319545004e+21
8900,7.166271147726479e+21
8910,7.024370515373025e+21
8920,6.885279662870504e+21
8930,6.748942954454952e+21
8940,6.615305855961411e+21
8950,6.484314913013315e+21
8960,6.355917729643555e+21
8970,6.230062947338881e+21
8980,6.106700224499111e+21
8990,5.985780216303055e+21
9000,5.867254554972914e+21
9010,5.751075830429507e+21
9020,5.637197571330434e+21
9030,5.525574226483613e+21
9040,5.416161146628847e+21
9050,5.308914566579974e+21
9060,5.203791587720653e+21
9070,5.10075016084664e+21
9080,4.999749069347803e+21
9090,4.900747912723017e+21
9100,4.803707090421502e+21
9110,4.708587786004037e+21
9120,4.61535195161779e+21
9130,4.52396229277844e+21
9140,4.434382253453668e+21
9150,4.346576001441921e+21
9160,4.260508414040697e+21
9170,4.176145063998501e+21
9180,4.0934522057450057e+21
9190,4.012396761893791e+21
9200,3.93294631001235e+21
9210,3.8550690696539663e+21
9220,3.778733889646403e+21
9230,3.703910235632232e+21
9240,3.6305681778558773e+21
9250,3.558678379192403e+21
9260,3.488212083413377e+21
9270,3.4191411036850335e+21
9280,3.351437811294152e+21
9290,3.28507512459719e+21
9300,3.2200264981881506e+21
9310,3.156265912280972e+21
9320,3.093767862302112e+21
9330,3.0325073486892116e+21
9340,2.972459866891695e+21
9350,2.913601397569395e+21
9360,2.8559083969852143e+21
9370,2.799357787588032e+21
9380,2.7439269487820155e+21
9390,2.689593707878743e+21
9400,2.6363363312284415e+21
9410,2.584133515526851e+21
9420,2.532964379294157e+21
9430,2.482808454522691e+21
9440,2.4336456784899715e+21
9450,2.385456385733868e+21
9460,2.338221300186617e+21
9470,2.291921527464621e+21
9480,2.2465385473108843e+21
9490,2.2020542061871094e+21
9500,2.1584507100124304e+21
9510,2.1157106170459573e+21
9520,2.0738168309102262e+21
9530,2.0327525937527833e+21
9540,1.9925014795431872e+21
9550,1.9530473875026975e+21
9560,1.9143745356640863e+21
9570,1.8764674545589488e+21
9580,1.8393109810300238e+21
9590,1.8028902521659966e+21
9600,1.767190699356427e+21
9610,1.7321980424643742e+21
9620,1.6978982841144152e+21
9630,1.6642777040937416e+21
9640,1.631322853864136e+21
9650,1.5990205511826004e+21
9660,1.5673578748285134e+21
9670,1.536322159435162e+21
9680,1.5059009904236398e+21
9690,1.4760821990370365e+21
9700,1.4468538574729715e+21
9710,1.418204274112475e+21
9720,1.3901219888433691e+21
9730,1.3625957684762279e+21
9740,1.335614602251122e+21
9750,1.3091676974333045e+21
9760,1.2832444749961295e+21
9770,1.25783456538944e+21
9780,1.23292780439174e+21
9790,1.2085142290445107e+21
9800,1.1845840736670062e+21
9810,1.1611277659499781e+21
9820,1.1381359231267368e+21
9830,1.115599348220037e+21
9840,1.0935090263632595e+21
9850,1.0718561211944537e+21
9860,1.0506319713217703e+21
9870,1.0298280868588897e+21
9880,1.0094361460290346e+21
9890,9.89447991836242e+20
9900,9.698556288025369e+20
9910,9.506512197697211e+20
9920,9.318270827644731e+20
9930,9.133756879255361e+20
9940,8.952896544917429e+20
9950,8.775617478496858e+20
9960,8.601848766398326e+20
9970,8.431520899199571e+20
9980,8.264565743847273e+20
9990,8.100916516403569e+20
10000,7.940507755332056e+20
10010,7.783275295312902e+20
10020,7.629156241576367e+20
10030,7.478088944744539e+20
10040,7.330012976171294e+20
10050,7.18486910377041e+20
10060,7.042599268322431e+20
10070,6.903146560250616e+20
10080,6.766455196856793e+20
10090,6.632470500007859e+20
10100,6.501138874264224e+20
10110,6.372407785441256e+20
10120,6.246225739595296e+20
10130,6.122542262425671e+20
10140,6.001307879084647e+20
10150,5.882474094387133e+20
10160,5.7659933734122914e+20
10170,5.651819122489156e+20
10180,5.539905670558858e+20
10190,5.4302082509058376e+20
10200,5.322682983250849e+20
10210,5.2172868561984494e+20
10220,5.1139777100321345e+20
10230,5.012714219850103e+20
10240,4.9134558790349855e+20
10250,4.816162983050817e+20
10260,4.720796613560923e+20
10270,4.62731862286025e+20
10280,4.5356916186159494e+20
10290,4.445878948910151e+20
10300,4.35784468757883e+20
10310,4.2715536198410594e+20
10320,4.186971228212763e+20
10330,4.1040636786994427e+20
10340,4.022797807262233e+20
10350,3.9431411065520056e+20
10360,3.8650617129061174e+20
10370,3.788528393602677e+20
10380,3.7135105343671186e+20
10390,3.639978127126229e+20
10400,3.567901758004622e+20
10410,3.4972525955589256e+20
10420,3.428002379244889e+20
10430,3.360123408112912e+20
10440,3.2935885297273845e+20
10450,3.228371129305461e+20
10460,3.164445119070848e+20
10470,3.101784927818459e+20
10480,3.0403654906856545e+20
10490,2.98016223912607e+20
10500,2.9211510910819117e+20
10510,2.863308441350904e+20
10520,2.8066111521439613e+20
10530,2.7510365438298266e+20
10540,2.6965623858629984e+20
10550,2.6431668878912504e+20
10560,2.5908286910392795e+20
10570,2.5395268593649182e+20
10580,2.4892408714845523e+20
10590,2.4399506123643188e+20
10600,2.3916363652738934e+20
10610,2.3442788038995775e+20
10620,2.297858984613575e+20
10630,2.2523583388963114e+20
10640,2.2077586659088387e+20
10650,2.1640421252122883e+20
10660,2.1211912296315155e+20
10670,2.07918883826001e+20
10680,2.038018149603358e+20
10690,1.9976626948584486e+20
10700,1.9581063313257788e+20
10710,1.919333235952175e+20
10720,1.8813278990014005e+20
10730,1.8440751178500823e+20
10740,1.8075599909064992e+20
10750,1.7717679116497532e+20
10760,1.7366845627870098e+20
10770,1.7022959105264104e+20
10780,1.6685881989633897e+20
10790,1.635547944578167e+20
10800,1.6031619308421638e+20
10810,1.571417202931249e+20
10820,1.540301062543653e+20
10830,1.5098010628205085e+20
10840,1.4799050033669433e+20
10850,1.4506009253717905e+20
10860,1.4218771068239163e+20
10870,1.3937220578232875e+20
10880,1.3661245159848591e+20
10890,1.3390734419334962e+20
10900,1.3125580148880874e+20
10910,1.2865676283331127e+20
10920,1.2610918857758948e+20
10930,1.2361205965878868e+20
10940,1.2116437719282942e+20
10950,1.1876516207484256e+20
10960,1.1641345458751422e+20
10970,1.1410831401718807e+20
10980,1.1184881827756805e+20
10990,1.0963406354087336e+20
11000,1.074631638762952e+20
11010,1.0533525089561436e+20
11020,1.0324947340583515e+20
11030,1.0120499706869771e+20
11040,9.92010040669325e+19
11050,9.723669277712302e+19
11060,9.53112774490478e+19
11070,9.342398789136867e+19
11080,9.157406916354607e+19
11090,8.976078127385307e+19
11100,8.798339888336958e+19
11110,8.624121101583773e+19
11120,8.453352077326249e+19
11130,8.285964505714357e+19
11140,8.121891429522866e+19
11150,7.961067217367433e+19
11160,7.803427537451354e+19
11170,7.648909331832006e+19
11180,7.497450791196878e+19
11190,7.348991330139079e+19
11200,7.203471562922398e+19
11210,7.060833279726252e+19
11220,6.921019423361115e+19
11230,6.7839740664447754e+19
11240,6.6496423890307785e+19
11250,6.517970656679725e+19
11260,6.388906198964819e+19
11270,6.26239738840303e+19
11280,6.1383936198034416e+19
11290,6.0168452900245365e+19
11300,5.897703778132284e+19
11310,5.780921425951238e+19
11320,5.666451519000525e+19
11330,5.55424826780755e+19
11340,5.444266789591596e+19
11350,5.336463090310141e+19
11360,5.2307940470606774e+19
11370,5.127217390830998e+19
11380,5.025691689591041e+19
11390,4.926176331719605e+19
11400,4.8286315097590825e+19
11410,4.7330182044920324e+19
11420,4.639298169332978e+19
11430,4.547433915029278e+19
11440,4.457388694664946e+19
11450,4.369126488961406e+19
11460,4.282611991869309e+19
11470,4.197810596445716e+19
11480,4.114688381010778e+19
11490,4.033212095578695e+19
11500,3.953349148557273e+19
11510,3.8750675937108664e+19
11520,3.7983361173814714e+19
11530,3.723124025962856e+19
11540,3.6494012336227213e+19
11550,3.5771382502679663e+19
11560,3.506306169748319e+19
11570,3.4368766582934245e+19
11580,3.3688219431790203e+19
11590,3.302114801617473e+19
11600,3.2367285498683113e+19
11610,3.1726370325643805e+19
11620,3.1098146122493567e+19
11630,3.0482361591224214e+19
11640,2.9878770409860526e+19
11650,2.928713113392767e+19
11660,2.8707207099870626e+19
11670,2.8138766330385625e+19
11680,2.758158144162617e+19
11690,2.703542955224655e+19
11700,2.650009219424638e+19
11710,2.5975355225580466e+19
11720,2.5461008744499552e+19
11730,2.495684700558631e+19
11740,2.446266833745487e+19
11750,2.3978275062079558e+19
11760,2.3503473415721038e+19
11770,2.303807347141833e+19
11780,2.2581889063015522e+19
11790,2.2134737710692872e+19
11800,2.1696440547972403e+19
11810,2.126682225016929e+19
11820,2.0845710964259217e+19
11830,2.043293824013521e+19
11840,2.002833896322532e+19
11850,1.9631751288444637e+19
11860,1.9243016575455113e+19
11870,1.8861979325207343e+19
11880,1.848848711773885e+19
11890,1.8122390551204342e+19
11900,1.7763543182112639e+19
11910,1.741180146674759e+19
11920,1.7067024703748649e+19
11930,1.6729074977828473e+19
11940,1.6397817104604994e+19
11950,1.607311857652588e+19
11960,1.5754849509863725e+19
11970,1.5442882592761063e+19
11980,1.5137093034303617e+19
11990,1.4837358514602508e+19
12000,1.4543559135864633e+19
12010,1.4255577374431967e+19
12020,1.3973298033770557e+19
12030,1.3696608198390376e+19
12040,1.3425397188677648e+19
12050,1.315955651662149e+19
12060,1.2898979842417467e+19
12070,1.2643562931929985e+19
12080,1.2393203614997445e+19
12090,1.2147801744562778e+19
12100,1.1907259156613313e+19
12110,1.1671479630913868e+19
12120,1.1440368852517378e+19
12130,1.1213834374037643e+19
12140,1.09917855786693e+19
12150,1.0774133643939668e+19
12160,1.0560791506178744e+19
12170,1.0351673825692547e+19
12180,1.0146696952626104e+19
12190,9.94577889350241e+18
12200,9.748839278423943e+18
12210,9.55579932892362e+18
12220,9.366581826452488e+18
12230,9.181111081491095e+18
12240,8.999312903272802e+18
12250,8.821114570106466e+18
12260,8.646444800286805e+18
12270,8.475233723580762e+18
12280,8.307412853278496e+18
12290,8.142915058797785e+18
12300,7.981674538830874e+18
12310,7.823626795023201e+18
12320,7.668708606173021e+18
12330,7.516858002942208e+18
12340,7.368014243067665e+18
12350,7.222117787063618e+18
12360,7.079110274405028e+18
12370,6.93893450018261e+18
12380,6.801534392220085e+18
12390,6.666854988644664e+18
12400,6.534842415901425e+18
12410,6.405443867203265e+18
12420,6.278607581407477e+18
12430,6.154282822310589e+18
12440,6.032419858353221e+18
12450,5.912969942726794e+18
12460,5.795885293874143e+18
12470,5.681119076376346e+18
12480,5.568625382217796e+18
12490,5.458359212422489e+18
12500,5.350276459053797e+18
12510,5.24433388757072e+18
12520,5.140489119533488e+18
12530,5.038700615651626e+18
12540,4.938927659167687e+18
12550,4.841130339569985e+18
12560,4.745269536627937e+18
12570,4.651306904743344e+18
12580,4.5592048576117094e+18
12590,4.4689265531872026e+18
12600,4.3804358789453517e+18
12610,4.293697437437552e+18
12620,4.20867653213162e+18
12630,4.1253391535326976e+18
12640,4.0436519655790694e+18
12650,3.9635822923072005e+18
12660,3.8850981047809777e+18
12670,3.8081680082796954e+18
12680,3.732761229739748e+18
12690,3.6588476054449976e+18
12700,3.586397568960885e+18
12710,3.51538213930745e+18
12720,3.4457729093666053e+18
12730,3.377542034518836e+18
12740,3.3106622215050307e+18
12750,3.2451067175088026e+18
12760,3.1808492994550093e+18
12770,3.117864263520171e+18
12780,3.0561264148506004e+18
12790,2.995611057484126e+18
12800,2.936293984471371e+18
12810,2.8781514681926866e+18
12820,2.8211602508667325e+18
12830,2.7652975352470927e+18
12840,2.710540975503067e+18
12850,2.6568686682810363e+18
12860,2.604259143942834e+18
12870,2.552691357977603e+18
12880,2.5021446825837025e+18
12890,2.45259889841735e+18
12900,2.4040341865045586e+18
12910,2.3564311203133215e+18
12920,2.3097706579827313e+18
12930,2.264034134705982e+18
12940,2.2192032552641966e+18
12950,2.1752600867080983e+18
12960,2.1321870511845834e+18
12970,2.0899669189053755e+18
12980,2.0485828012548372e+18
12990,2.0080181440343278e+18
13000,1.9682567208402964e+18
13010,1.9292826265735048e+18
13020,1.891080271076776e+18
13030,1.8536343728987228e+18
13040,1.816929953180965e+18
13050,1.78095232966638e+18
13060,1.7456871108260293e+18
13070,1.711120190102317e+18
13080,1.677237740266206e+18
13090,1.6440262078861338e+18
13100,1.6114723079064604e+18
13110,1.5795630183332698e+18
13120,1.5482855750253978e+18
13130,1.5176274665886006e+18
13140,1.487576429370852e+18
13150,1.4581204425566874e+18
13160,1.4292477233587384e+18
13170,1.400946722304456e+18
13180,1.3732061186161672e+18
13190,1.346014815682614e+18
13200,1.3193619366201597e+18
13210,1.2932368199218885e+18
13220,1.2676290151928763e+18
13230,1.242528278969867e+18
13240,1.2179245706237699e+18
13250,1.1938080483432689e+18
13260,1.1701690651979666e+18
13270,1.1469981652794845e+18
13280,1.1242860799189737e+18
13290,1.1020237239795228e+18
13300,1.080202192221979e+18
13310,1.0588127557427492e+18
13320,1.0378468584820992e+18
13330,1.0172961138016308e+18
13340,9.971523011295114e+17
13350,9.774073626721353e+17
13360,9.580534001908993e+17
13370,9.390826718428018e+17
13380,9.204875890835988e+17
13390,9.022607136322993e+17
13400,8.843947544957326e+17
13410,8.668825650520687e+17
13420,8.497171401920692e+17
13430,8.32891613516952e+17
13440,8.163992545917394e+17
13450,8.002334662529942e+17
13460,7.843877819698644e+17
13470,7.688558632573952e+17
13480,7.536314971410344e+17
13490,7.387085936713699e+17
13500,7.240811834880675e+17
13510,7.097434154320456e+17
13520,6.956895542049353e+17
13530,6.81913978074883e+17
13540,6.684111766277838e+17
13550,6.551757485630397e+17
13560,6.422023995329769e+17
13570,6.294859400250217e+17
13580,6.170212832858362e+17
13590,6.048034432865467e+17
13600,5.928275327282655e+17
13610,5.810887610871063e+17
13620,5.695824326979111e+17
13630,5.583039448759189e+17
13640,5.472487860756393e+17
13650,5.364125340861613e+17
13660,5.257908542622185e+17
13670,5.153794977902714e+17
13680,5.051742999889248e+17
13690,4.951711786430001e+17
13700,4.853661323705949e+17
13710,4.757552390224749e+17
13720,4.663346541131688e+17
13730,4.5710060928311296e+17
13740,4.480494107912639e+17
13750,4.391774380375507e+17
13760,4.304811421145873e+17
13770,4.219570443880621e+17
13780,4.136017351052372e+17
13790,4.054118720310027e+17
13800,3.9738417911093626e+17
13810,3.895154451608435e+17
13820,3.81802522582233e+17
13830,3.742423261032403e+17
13840,3.668318315444771e+17
13850,3.5956807460931885e+17
13860,3.5244814969814675e+17
13870,3.454692087460691e+17
13880,3.386284600836562e+17
13890,3.319231673202402e+17
13900,3.25350648249315e+17
13910,3.18908273775623e+17
13920,3.1259346686348045e+17
13930,3.064037015059289e+17
13940,3.003365017142989e+17
13950,2.943894405277814e+17
13960,2.885601390426098e+17
13970,2.8284626546047152e+17
13980,2.7724553415575066e+17
13990,2.7175570476125197e+17
14000,2.663745812720226e+17
14010,2.6110001116692134e+17
14020,2.5592988454758106e+17
14030,2.508621332944214e+17
14040,2.4589473023937347e+17
14050,2.4102568835498454e+17
14060,2.362530599595842e+17
14070,2.3157493593818032e+17
14080,2.2698944497879126e+17
14090,2.224947528238953e+17
14100,2.1808906153670288e+17
14110,2.1377060878195827e+17
14120,2.0953766712098186e+17
14130,2.053885433206707e+17
14140,2.0132157767618592e+17
14150,1.9733514334704422e+17
14160,1.934276457063627e+17
14170,1.8959752170298637e+17
14180,1.858432392362467e+17
14190,1.82163296543101e+17
14200,1.785562215974072e+17
14210,1.75020571521093e+17
14220,1.7155493200698813e+17
14230,1.6815791675307862e+17
14240,1.648281669079703e+17
14250,1.6156435052732918e+17
14260,1.5836516204108627e+17
14270,1.552293217311919e+17
14280,1.5215557521971158e+17
14290,1.4914269296705814e+17
14300,1.461894697801588e+17
14310,1.4329472433036408e+17
14320,1.404572986808975e+17
14330,1.3767605782366746e+17
14340,1.3494988922524827e+17
14350,1.3227770238185216e+17
14360,1.2965842838311301e+17
14370,1.2709101948450806e+17
14380,1.2457444868824571e+17
14390,1.2210770933245438e+17
14400,1.196898146885018e+17
14410,1.1731979756629206e+17
14420,1.149967099273764e+17
14430,1.1271962250572496e+17
14440,1.1048762443600818e+17
14450,1.0829982288923842e+17
14460,1.0615534271562613e+17
14470,1.0405332609450976e+17
14480,1.0199293219121374e+17
14490,9.997333682070506e+16
14500,9.799373211790766e+16
14510,9.605332621454589e+16
14520,9.415134292238643e+16
14530,9.228702142275275e+16
14540,9.04596159621875e+16
14550,8.866839555414082e+16
14560,8.691264368656726e+16
14570,8.519165803530954e+16
14580,8.350475018316075e+16
14590,8.185124534448797e+16
14600,8.023048209530904e+16
14610,7.864181210871418e+16
14620,7.708459989552648e+16
14630,7.555822255009765e+16
14640,7.406206950113834e+16
14650,7.259554226748003e+16
14660,7.115805421867556e+16
14670,6.974903034033889e+16
14680,6.836790700413171e+16
14690,6.701413174230456e+16
14700,6.568716302670235e+16
14710,6.438647005214569e+16
14720,6.311153252410263e+16
14730,6.186184045056252e+16
14740,6.063689393803336e+16
14750,5.943620299157749e+16
14760,5.825928731880708e+16
14770,5.710567613776078e+16
14780,5.5974907988584664e+16
14790,5.48665305489421e+16
14800,5.3780100453078616e+16
14810,5.27151831144705e+16
14820,5.167135255198315e+16
14830,5.064819121947381e+16
14840,4.964528983876723e+16
14850,4.8662247235939096e+16
14860,4.769867018084098e+16
14870,4.675417322980307e+16
14880,4.582837857145147e+16
14890,4.4920915875579176e+16
14900,4.4031422145008104e+16
14910,4.3159541570386056e+16
14920,4.230492538785804e+16
14930,4.146723173955613e+16
14940,4.0646125536851656e+16
14950,3.984127832631541e+16
14960,3.90523681583317e+16
14970,3.827907945831471e+16
14980,3.752110290047375e+16
14990,3.677813528407925e+16
15000,3.604987941217835e+16
15010,3.5336043972712164e+16
15020,3.4636343421987024e+16
15030,3.395049787045324e+16
15040,3.3278232970745532e+16
15050,3.2619279807940296e+16
15060,3.197337479198655e+16
15070,3.1340259552265664e+16
15080,3.0719680834240144e+16
15090,3.011139039814834e+16
15100,2.9515144919705216e+16
15110,2.893070589276939e+16
15120,2.8357839533937508e+16
15130,2.779631668902766e+16
15140,2.724591274141505e+16
15150,2.6706407522181748e+16
15160,2.617758522204661e+16
15170,2.5659234305038548e+16
15180,2.5151147423879364e+16
15190,2.4653121337042036e+16
15200,2.4164956827451424e+16
15210,2.3686458622794704e+16
15220,2.3217435317410136e+16
15230,2.2757699295721788e+16
15240,2.230706665719111e+16
15250,2.186535714275421e+16
15260,2.1432394062715788e+16
15270,2.1008004226070936e+16
15280,2.059201787122642e+16
15290,2.018426859809376e+16
15300,1.9784593301526924e+16
15310,1.9392832106078376e+16
15320,1.9008828302046324e+16
15330,1.863242828278906e+16
15340,1.826348148328017e+16
15350,1.7901840319880496e+16
15360,1.7547360131302766e+16
15370,1.7199899120745086e+16
15380,1.685931829917032e+16
15390,1.6525481429708836e+16
15400,1.619825497316158e+16
15410,1.5877508034582872e+16
15420,1.556311231092061e+16
15430,1.5254942039693342e+16
15440,1.4952873948683598e+16
15450,1.4656787206627356e+16
15460,1.436656337487988e+16
15470,1.408208636003888e+16
15480,1.3803242367505302e+16
15490,1.352991985596417e+16
15500,1.3262009492766532e+16
15510,1.2999404110194932e+16
15520,1.2741998662594894e+16
15530,1.2489690184355272e+16
15540,1.2242377748720616e+16
15550,1.1999962427419098e+16
15560,1.1762347251090044e+16
15570,1.1529437170494638e+16
15580,1.1301139018495142e+16
15590,1.1077361472786744e+16
15600,1.085801501936743e+16
15610,1.064301191673118e+16
15620,1.0432266160770194e+16
15630,1.0225693450372082e+16
15640,1.0023211153698422e+16
15650,9824738275130712.0
15660,9630195422871190.0
15670,9439504777185016.0
15680,9252590059271348.0
15690,9069376500750790.0
15700,8889790813757063.0
15710,8713761161620834.0
15720,8541217130134218.0
15730,8372089699383980.0
15740,8206311216142757.0
15750,8043815366806848.0
15760,7884537150869882.0
15770,7728412854921750.0
15780,7575380027162389.0
15790,7425377452420235.0
15800,7278345127665307.0
15810,7134224238007300.0
15820,6992957133168691.0
15830,6854487304423958.0
15840,6718759361995319.0
15850,6585719012896074.0
15860,6455313039212690.0
15870,6327489276816927.0
15880,6202196594499466.0
15890,6079384873516838.0
15900,5959004987543115.0
15910,5841008783018823.0
15920,5725349059888851.0
15930,5611979552721799.0
15940,5500854912203188.0
15950,5391930686995130.0
15960,5285163305955182.0
15970,5180510060707385.0
15980,5077929088558225.0
15990,4977379355751079.0
16000,4878820641052146.0
16010,4782213519661413.0
16020,4687519347442213.0
16030,4594700245463053.0
16040,4503719084845538.0
16050,4414539471912309.0
16060,4327125733629147.5
16070,4241442903335193.0
16080,4157456706755875.5
16090,4075133548292734.5
16100,3994440497584728.0
16110,3915345276335651.5
16120,3837816245402390.5
16130,3761822392138823.5
16140,3687333317990408.5
16150,3614319226334272.5
16160,3542750910560219.0
16170,3472599742387682.5
16180,3403837660414033.5
16190,3336437158889642.5
16200,3270371276715215.0
16210,3205613586656981.0
16220,3142138184775492.0
16230,3079919680063635.5
16240,3018933184289936.0
16250,2959154302042920.0
16260,2900559120972627.0
16270,2843124202225349.0
16280,2786826571067780.0
16290,2731643707696811.0
16300,2677553538231303.5
16310,2624534425882279.0
16320,2572565162297858.0
16330,2521624959079673.5
16340,2471693439467227.5
16350,2422750630186912.0
16360,2374776953462437.0
16370,2327753219183454.5
16380,2281660617229254.0
16390,2236480709944494.0
16400,2192195424763845.8
16410,2148787046982759.2
16420,2106238212671335.8
16430,2064531901728525.8
16440,2023651431073861.2
16450,1983580447973999.5
16460,1944302923501407.5
16470,1905803146122603.0
16480,1868065715413290.5
16490,1831075535898013.8
16500,1794817811011757.8
16510,1759278037181126.0
16520,1724441998022716.0
16530,1690295758656377.8
16540,1656825660131075.8
16550,1624018313961120.0
16560,1591860596770618.0
16570,1560339645043911.5
16580,1529442849980025.8
16590,1499157852448972.2
16600,1469472538047933.2
16610,1440375032255339.0
16620,1411853695680901.0
16630,1383897119409695.0
16640,1356494120438462.8
16650,1329633737202233.0
16660,1303305225189568.2
16670,1277498052644612.0
16680,1252201896354245.8
16690,1227406637518667.2
16700,1203102357703734.2
16710,1179279334873455.2
16720,1155928039501062.5
16730,1133039130757047.8
16740,1110603452772724.0
16750,1088612030977751.2
16760,1067056068510188.8
16770,1045926942697632.8
16780,1025216201608032.9
16790,1004915560668806.8
16800,985016899352895.9
16810,965512257930462.4
16820,946393834284868.2
16830,927653980791739.8
16840,909285201259811.5
16850,891280147932350.4
16860,873631618547955.0
16870,856332553459554.6
16880,839376032810453.8
16890,822755273766309.0
16900,806463627801886.6
16910,790494578041575.6
16920,774841736652548.8
16930,759498842289543.1
16940,744459757590238.9
16950,729718466720232.2
16960,715269072966620.0
16970,701105796379244.2
16980,687222971458621.6
16990,673615044889677.0
17000,660276573320341.4
17010,647202221184138.2
17020,634386758565886.2
17030,621825059109663.1
17040,609512097968194.6
17050,597442949792847.1
17060,585612786763430.6
17070,574016876656993.8
17080,562650580954879.56
17090,551509352987254.75
17100,540588736114380.5
17110,529884361943897.6
17120,519391948583410.9
17130,509107298927673.7
17140,499026298979696.94
17150,489144916205084.4
17160,479459197918972.75
17170,469965269704903.06
17180,460659333865002.06
17190,451537667900853.2
17200,442596623024446.9
17210,433832622698615.6
17220,425242161206377.2
17230,416821802248592.06
17240,408568177569404.4
17250,400477985608892.56
17260,392547990182401.75
17270,384775019186026.75
17280,377155963327727.9
17290,369687774883573.1
17300,362367466478606.44
17310,355192109891863.0
17320,348158834885034.06
17330,341264828054338.7
17340,334507331705123.25
17350,327883642748746.94
17360,321391111621310.25
17370,315027141223793.8
17380,308789185883183.56
17390,302674750334171.6
17400,296681388721010.44
17410,290806703619142.06
17420,285048345076195.7
17430,279404009671975.03
17440,273871439597059.4
17450,268448421749650.44
17460,263132786850300.34
17470,257922408574175.16
17480,252815202700490.8
17490,247809126278800.9
17500,242902176811788.22
17510,238092391454239.0
17520,233377846227878.97
17530,228756655251756.12
17540,224226969987863.3
17550,219786978501697.56
17560,215434904737465.38
17570,211169007807631.84
17580,206987581296545.56
17590,202888952577849.06
17600,198871482145405.78
17610,194933562957475.7
17620,191073619793877.4
17630,187290108625878.16
17640,183581515998564.66
17650,179946358425436.7
17660,176383181794995.66
17670,172890560789079.66
17680,169467098312717.53
17690,166111424935271.84
17700,162822198342648.75
17710,159598102800353.72
17720,156437848627182.44
17730,153340171679327.8
17740,150303832844707.75
17750,147327617547303.38
17760,144410335261312.3
17770,141550819034922.56
17780,138747925023516.16
17790,136000532032116.16
17800,133307541066893.08
17810,130667874895554.81
17820,128080477616436.31
17830,125544314236126.83
17840,123058370255458.28
17850,120621651263692.05
17860,118233182540741.39
17870,115892008667270.47
17880,113597193142513.42
17890,111347818009663.2
17900,109142983488674.2
17910,106981807616339.84
17920,104863425893495.12
17930,102786990939205.44
17940,100751672151802.92
17950,98756655376634.62
17960,96801142580389.6
17970,94884351531876.16
17980,93005515489117.03
17990,91163882892643.62
18000,89358717064861.88
18010,87589295915371.55
18020,85854911652120.17
18030,84154870498277.06
18040,82488492414713.17
18050,80855110827976.08
18060,79254072363652.98
18070,77684736585010.39
18080,76146475736812.11
18090,74638674494208.4
18100,73160729716597.97
18110,71712050206363.58
18120,70292056472385.15
18130,68900180498235.33
18140,67535865514966.37
18150,66198565778393.6
18160,64887746350791.5
18170,63602882886911.19
18180,62343461424235.39
18190,61108978177386.51
18200,59898939336605.82
18210,58712860870222.734
18220,57550268331036.52
18230,56410696666529.87
18240,55293690032842.47
18250,54198801612427.23
18260,53125593435317.29
18270,52073636203932.16
18280,51042509121352.99
18290,50031799722998.234
18300,49041103711632.055
18310,48070024795640.8
18320,47118174530510.016
18330,46185172163442.125
18340,45270644481050.12
18350,44374225660067.17
18360,43495557121012.48
18370,42634287384754.68
18380,41790071931915.375
18390,40962573065057.375
18400,40151459773600.33
18410,39356407601412.64
18420,38577098517024.62
18430,37813220786411.57
18440,37064468848296.09
18450,36330543191919.44
18460,35611150237233.12
18470,34906002217463.49
18480,34214817064000.406
18490,33537318293566.566
18500,32873234897620.363
18510,32222301233948.844
18520,31584256920407.316
18530,30958846730762.99
18540,30345820492601.094
18550,29744932987252.465
18560,29155943851703.24
18570,28578617482445.797
18580,28012722941234.64
18590,27458033862707.93
18600,26914328363838.3
18610,26381388955176.7
18620,25859002453853.715
18630,25346959898303.48
18640,24845056464676.62
18650,24353091384907.473
18660,23870867866404.496
18670,23398193013330.566
18680,22934877749442.03
18690,22480736742455.723
18700,22035588329913.547
18710,21599254446515.023
18720,21171560552889.08
18730,20752335565775.523
18740,20341411789589.78
18750,19938624849342.312
18760,19543813624886.453
18770,19156820186468.207
18780,18777489731552.223
18790,18405670522898.723
18800,18041213827866.53
18810,17683973858918.277
18820,17333807715303.049
18830,16990575325894.463
18840,16654139393160.258
18850,16324365338241.467
18860,16001121247119.08
18870,15684277817846.668
18880,15373708308827.832
18890,15069288488118.094
18900,14770896583730.127
18910,14478413234923.564
18920,14191721444459.057
18930,13910706531797.805
18940,13635256087227.834
18950,13365259926898.59
18960,13100610048745.904
18970,12841200589289.89
18980,12586927781287.883
18990,12337689912226.332
19000,12093387283634.398
19010,11853922171203.19
19020,11619198785694.947
19030,11389123234625.617
19040,11163603484707.217
19050,10942549325032.652
19060,10725872330990.783
19070,10513485828894.77
19080,10305304861312.068
19090,10101246153079.717
19100,9901228077993.676
19110,9705170626157.035
19120,9512995371974.791
19130,9324625442783.031
19140,9139985488098.316
19150,8959001649477.004
19160,8781601530970.364
19170,8607714170165.698
19180,8437270009800.21
19190,8270200869937.016
19200,8106439920692.67
19210,7945921655503.851
19220,7788581864924.322
19230,7634357610939.854
19240,7483187201792.6045
19250,7335010167303.18
19260,7189767234682.117
19270,7047400304819.818
19280,6907852429045.988
19290,6771067786349.753
19300,6636991661050.117
19310,6505570420909.349
19320,6376751495678.995
19330,6250483356071.443
19340,6126715493147.167
19350,6005398398110.778
19360,5886483542506.721
19370,5769923358807.12
19380,5655671221384.421
19390,5543681427860.188
19400,5433909180823.878
19410,5326310569912.946
19420,5220842554248.401
19430,5117462945217.757
19440,5016130389598.91
19450,4916804353018.569
19460,4819445103737.666
19470,4724013696758.418
19480,4630471958245.527
19490,4538782470256.418
19500,4448908555773.285
19510,4360814264032.033
19520,4274464356141.391
19530,4189824290986.7925
19540,4106860211413.6875
19550,4025538930683.985
19560,3945827919201.1523
19570,3867695291497.713
19580,3791109793480.8574
19590,3716040789930.1724
19600,3642458252243.331
19610,3570332746424.1704
19620,3499635421308.625
19630,3430337997024.0557
19640,3362412753676.721
19650,3295832520263.6494
19660,3230570663803.6787
19670,3166601078684.08
19680,3103898176217.8887
19690,3042436874408.022
19700,2982192587914.306
19710,2923141218218.834
19720,2865259143986.405
19730,2808523211615.5146
19740,2752910725976.7666
19750,2698399441334.3545
19760,2644967552447.6157
19770,2592593685848.5796
19780,2541256891292.24
19790,2490936633376.313
19800,2441612783326.6504
19810,2393265610945.6064
19820,2345875776719.5576
19830,2299424324082.9736
19840,2253892671835.4062
19850,2209262606708.8765
19860,2165516276082.2734
19870,2122636180840.0232
19880,2080605168372.317
19890,2039406425713.7168
19900,1999023472817.8652
19910,1959440155965.128
19920,1920640641300.9944
19930,1882609408502.2778
19940,1845331244568.7424
19950,1808791237737.792
19960,1772974771519.4622
19970,1737867518849.7314
19980,1703455436359.404
19990,1669724758756.6746
