JDTDB,CalendarDate(TDB),X,Y,Z
2459969.500000000, A.D. 2023-Jan-25 00:00:00.0000,  3.791011291190191E+00,  2.347678006571295E+00, -6.250697480315386E-01
2460069.500000000, A.D. 2023-May-05 00:00:00.0000,  3.687241744527715E+00,  2.961089227910155E+00, -6.421177482416528E-01
2460169.500000000, A.D. 2023-Aug-13 00:00:00.0000,  3.483391560529936E+00,  3.492922393790439E+00, -6.410682679145664E-01
2460269.500000000, A.D. 2023-Nov-21 00:00:00.0000,  3.196548626056041E+00,  3.939364293292348E+00, -6.236429565550484E-01
2460369.500000000, A.D. 2024-Feb-29 00:00:00.0000,  2.840223877039589E+00,  4.296360915071298E+00, -5.906124763018964E-01
2460469.500000000, A.D. 2024-Jun-08 00:00:00.0000,  2.425618456975822E+00,  4.558817388290407E+00, -5.410768310570204E-01
2460569.500000000, A.D. 2024-Sep-16 00:00:00.0000,  1.961020089030850E+00,  4.720778993350605E+00, -4.708587740252369E-01
2460669.500000000, A.D. 2024-Dec-25 00:00:00.0000,  1.449476762167438E+00,  4.778609664021993E+00, -3.770841683581557E-01
2460769.500000000, A.D. 2025-Apr-04 00:00:00.0000,  8.970310758792517E-01,  4.726832250268123E+00, -2.669417056434325E-01
2460869.500000000, A.D. 2025-Jul-13 00:00:00.0000,  3.166045165035493E-01,  4.552648700000682E+00, -1.475527165211462E-01
2460969.500000000, A.D. 2025-Oct-21 00:00:00.0000, -2.756771875809862E-01,  4.238384634457085E+00, -2.313384295397889E-02
2461069.500000000, A.D. 2026-Jan-29 00:00:00.0000, -8.577020642490756E-01,  3.761008549658440E+00,  1.020484597131379E-01
2461169.500000000, A.D. 2026-May-09 00:00:00.0000, -1.394166166974945E+00,  3.089942739677058E+00,  2.214923253605655E-01
2461269.500000000, A.D. 2026-Aug-17 00:00:00.0000, -1.820769588438303E+00,  2.185760545940858E+00,  3.231436279111788E-01
2461369.500000000, A.D. 2026-Nov-25 00:00:00.0000, -2.005914569943371E+00,  1.010632443376843E+00,  3.815074478982242E-01
2461469.500000000, A.D. 2027-Mar-05 00:00:00.0000, -1.671414701409160E+00, -3.831160811856548E-01,  3.402110297390931E-01
2461569.500000000, A.D. 2027-Jun-13 00:00:00.0000, -4.987124629843201E-01, -1.502932635021497E+00,  1.267995250074943E-01
2461669.500000000, A.D. 2027-Sep-21 00:00:00.0000,  1.029273541757487E+00, -1.665291790933209E+00, -1.748824615071725E-01
2461769.500000000, A.D. 2027-Dec-30 00:00:00.0000,  2.223414941865646E+00, -1.162383161336115E+00, -4.221117925403946E-01
2461869.500000000, A.D. 2028-Apr-08 00:00:00.0000,  3.023822932537187E+00, -4.279319728241942E-01, -5.950487049398829E-01
2461969.500000000, A.D. 2028-Jul-17 00:00:00.0000,  3.524723659100259E+00,  3.566154281643424E-01, -7.091707623783021E-01
2462069.500000000, A.D. 2028-Oct-25 00:00:00.0000,  3.802411023894192E+00,  1.121692477462244E+00, -7.784243461849618E-01
2462169.500000000, A.D. 2029-Feb-02 00:00:00.0000,  3.908208017760568E+00,  1.837584076492941E+00, -8.124995903041400E-01
2462269.500000000, A.D. 2029-May-13 00:00:00.0000,  3.876977599070390E+00,  2.489912194858384E+00, -8.180830671819742E-01
2462369.500000000, A.D. 2029-Aug-21 00:00:00.0000,  3.733363259229325E+00,  3.070594143730029E+00, -7.999408870319211E-01
2462469.500000000, A.D. 2029-Nov-29 00:00:00.0000,  3.495561457147453E+00,  3.574166365354703E+00, -7.616031182816073E-01
2462569.500000000, A.D. 2030-Mar-09 00:00:00.0000,  3.177624104451104E+00,  3.996017356082402E+00, -7.057898498127300E-01
2462669.500000000, A.D. 2030-Jun-17 00:00:00.0000,  2.790951363038875E+00,  4.331534555483208E+00, -6.346887229023515E-01
2462769.500000000, A.D. 2030-Sep-25 00:00:00.0000,  2.345247965281126E+00,  4.575469356763796E+00, -5.501459157900519E-01
2462869.500000000, A.D. 2031-Jan-03 00:00:00.0000,  1.849393634158541E+00,  4.721441687578996E+00, -4.538206454381413E-01
2462969.500000000, A.D. 2031-Apr-13 00:00:00.0000,  1.312165794564173E+00,  4.761447074444064E+00, -3.473238723566156E-01
2463069.500000000, A.D. 2031-Jul-22 00:00:00.0000,  7.431502503852052E-01,  4.685210473599188E+00, -2.323856578478909E-01
2463169.500000000, A.D. 2031-Oct-30 00:00:00.0000,  1.539487457586176E-01,  4.479322810622759E+00, -1.110871589629203E-01
2463269.500000000, A.D. 2032-Feb-07 00:00:00.0000, -4.396752130486657E-01,  4.125926831471849E+00,  1.374103243116366E-02
2463369.500000000, A.D. 2032-May-17 00:00:00.0000, -1.013816837529614E+00,  3.601013806470851E+00,  1.377578689485285E-01
2463469.500000000, A.D. 2032-Aug-25 00:00:00.0000, -1.528066084213216E+00,  2.872255481245534E+00,  2.534731679243049E-01
2463569.500000000, A.D. 2032-Dec-03 00:00:00.0000, -1.905859129079098E+00,  1.899090796193023E+00,  3.463301960645968E-01
2463669.500000000, A.D. 2033-Mar-13 00:00:00.0000, -1.986346883186221E+00,  6.525667042698327E-01,  3.847416282371965E-01
2463769.500000000, A.D. 2033-Jun-21 00:00:00.0000, -1.445478422205821E+00, -7.441005263832897E-01,  3.018263794035972E-01
2463869.500000000, A.D. 2033-Sep-29 00:00:00.0000, -8.763844776148982E-02, -1.642755701852106E+00,  4.692751803891809E-02
2463969.500000000, A.D. 2034-Jan-07 00:00:00.0000,  1.387728765307653E+00, -1.570960756111650E+00, -2.488117489069224E-01
2464069.500000000, A.D. 2034-Apr-17 00:00:00.0000,  2.469770990582574E+00, -9.749548860417074E-01, -4.754002367027479E-01
2464169.500000000, A.D. 2034-Jul-26 00:00:00.0000,  3.181008484273956E+00, -2.142635452102133E-01, -6.307973967738552E-01
2464269.500000000, A.D. 2034-Nov-03 00:00:00.0000,  3.616062848135006E+00,  5.711768406911021E-01, -7.311703131747481E-01
2464369.500000000, A.D. 2035-Feb-11 00:00:00.0000,  3.844601008877401E+00,  1.326732907957803E+00, -7.890006783135259E-01
2464469.500000000, A.D. 2035-May-22 00:00:00.0000,  3.913422342711732E+00,  2.028782329975691E+00, -8.123764043371136E-01
2464569.500000000, A.D. 2035-Aug-30 00:00:00.0000,  3.854165017989070E+00,  2.666054406248041E+00, -8.063460901300205E-01
2464669.500000000, A.D. 2035-Dec-08 00:00:00.0000,  3.688388143018124E+00,  3.232112677640353E+00, -7.747704725291218E-01
2464769.500000000, A.D. 2036-Mar-17 00:00:00.0000,  3.431816030965669E+00,  3.721787489693662E+00, -7.217333835623038E-01
2464869.500000000, A.D. 2036-Jun-25 00:00:00.0000,  3.097440724848016E+00,  4.130143962371861E+00, -6.510938250052454E-01
2464969.500000000, A.D. 2036-Oct-03 00:00:00.0000,  2.696424742997662E+00,  4.452266776258345E+00, -5.659102249264286E-01
2465069.500000000, A.D. 2037-Jan-11 00:00:00.0000,  2.238598272380085E+00,  4.682763138422244E+00, -4.686006465277823E-01
2465169.500000000, A.D. 2037-Apr-21 00:00:00.0000,  1.733071166806109E+00,  4.815333399667753E+00, -3.612507029297559E-01
2465269.500000000, A.D. 2037-Jul-30 00:00:00.0000,  1.188915910314867E+00,  4.842227981526604E+00, -2.458641983566405E-01
2465369.500000000, A.D. 2037-Nov-07 00:00:00.0000,  6.160539599026184E-01,  4.753693185333909E+00, -1.245923761325978E-01
2465469.500000000, A.D. 2038-Feb-15 00:00:00.0000,  2.646018562036538E-02,  4.537194299323611E+00, -1.066829577258698E-05
2465569.500000000, A.D. 2038-May-26 00:00:00.0000, -5.638045150935928E-01,  4.176470424544075E+00,  1.244495727265527E-01
2465669.500000000, A.D. 2038-Sep-03 00:00:00.0000, -1.131064155230906E+00,  3.650269812614762E+00,  2.437364426097398E-01
2465769.500000000, A.D. 2038-Dec-12 00:00:00.0000, -1.636754529207115E+00,  2.931146912239009E+00,  3.496486597212385E-01
2465869.500000000, A.D. 2039-Mar-22 00:00:00.0000, -2.011809589898228E+00,  1.986885878412103E+00,  4.275461807271288E-01
2465969.500000000, A.D. 2039-Jun-30 00:00:00.0000, -2.122031818692380E+00,  7.974670661226066E-01,  4.490805244725930E-01
2466069.500000000, A.D. 2039-Oct-08 00:00:00.0000, -1.714592427475940E+00, -5.509742978713358E-01,  3.610480951276919E-01
2466169.500000000, A.D. 2040-Jan-16 00:00:00.0000, -5.609618929613367E-01, -1.600320692175448E+00,  1.159491859217069E-01
2466269.500000000, A.D. 2040-Apr-25 00:00:00.0000,  9.170006799989950E-01, -1.794609150989049E+00, -1.962966582337266E-01
2466369.500000000, A.D. 2040-Aug-03 00:00:00.0000,  2.123835106929451E+00, -1.346273848422552E+00, -4.503242296688145E-01
2466469.500000000, A.D. 2040-Nov-11 00:00:00.0000,  2.962547961363058E+00, -6.395504401794286E-01, -6.262474091638186E-01
2466569.500000000, A.D. 2041-Feb-19 00:00:00.0000,  3.504289100620349E+00,  1.392072409943218E-01, -7.393707481870218E-01
2466669.500000000, A.D. 2041-May-30 00:00:00.0000,  3.819108630847847E+00,  9.122099077240843E-01, -8.045954984576873E-01
2466769.500000000, A.D. 2041-Sep-07 00:00:00.0000,  3.957235545882661E+00,  1.644655002252875E+00, -8.325794542372984E-01
2466869.500000000, A.D. 2041-Dec-16 00:00:00.0000,  3.953856686367918E+00,  2.319222186874463E+00, -8.307789509311493E-01
2466969.500000000, A.D. 2042-Mar-26 00:00:00.0000,  3.834278953465428E+00,  2.926218429088394E+00, -8.045503735582460E-01
2467069.500000000, A.D. 2042-Jul-04 00:00:00.0000,  3.617368235282934E+00,  3.459320930165872E+00, -7.578869490342907E-01
2467169.500000000, A.D. 2042-Oct-12 00:00:00.0000,  3.317758293431529E+00,  3.913617721095617E+00, -6.938875763164022E-01
2467269.500000000, A.D. 2043-Jan-20 00:00:00.0000,  2.947274592370424E+00,  4.284509530275893E+00, -6.150611634606595E-01
2467369.500000000, A.D. 2043-Apr-30 00:00:00.0000,  2.515999372281751E+00,  4.567114232645411E+00, -5.235422377632174E-01
2467469.500000000, A.D. 2043-Aug-08 00:00:00.0000,  2.032970595385635E+00,  4.755800112416543E+00, -4.212520702872798E-01
2467569.500000000, A.D. 2043-Nov-16 00:00:00.0000,  1.506917527779418E+00,  4.843713342599760E+00, -3.100479235666863E-01
2467669.500000000, A.D. 2044-Feb-24 00:00:00.0000,  9.469791613939673E-01,  4.822321685154377E+00, -1.918766878944630E-01
2467769.500000000, A.D. 2044-Jun-03 00:00:00.0000,  3.636887514138624E-01,  4.680783878298009E+00, -6.897990555362349E-02
2467869.500000000, A.D. 2044-Sep-11 00:00:00.0000, -2.296118031195616E-01,  4.405176768936201E+00,  5.579987086321767E-02
2467969.500000000, A.D. 2044-Dec-20 00:00:00.0000, -8.142686056669644E-01,  3.977331436719745E+00,  1.784897842467560E-01
2468069.500000000, A.D. 2045-Mar-30 00:00:00.0000, -1.361532630464948E+00,  3.373607325735998E+00,  2.929835103734749E-01
2468169.500000000, A.D. 2045-Jul-08 00:00:00.0000, -1.822798016201532E+00,  2.564269162917372E+00,  3.889712166578276E-01
2468269.500000000, A.D. 2045-Oct-16 00:00:00.0000, -2.107906426308466E+00,  1.518526231640079E+00,  4.473741578119789E-01
2468369.500000000, A.D. 2046-Jan-24 00:00:00.0000, -2.039912045553594E+00,  2.406023750465035E-01,  4.308569330911575E-01
2468469.500000000, A.D. 2046-May-04 00:00:00.0000, -1.329051537500158E+00, -1.066030304506101E+00,  2.786233916445250E-01
2468569.500000000, A.D. 2046-Aug-12 00:00:00.0000,  4.947923543345980E-02, -1.790810452154596E+00, -1.351999613943873E-02
2468669.500000000, A.D. 2046-Nov-20 00:00:00.0000,  1.455334874546484E+00, -1.666097611654934E+00, -3.099769711857968E-01
2468769.500000000, A.D. 2047-Feb-28 00:00:00.0000,  2.506384091462260E+00, -1.078229380788410E+00, -5.307583092431137E-01
2468869.500000000, A.D. 2047-Jun-08 00:00:00.0000,  3.214259769133562E+00, -3.276037604498458E-01, -6.788195671316813E-01
2468969.500000000, A.D. 2047-Sep-16 00:00:00.0000,  3.655997105600925E+00,  4.556633634531285E-01, -7.706273930416727E-01
2469069.500000000, A.D. 2047-Dec-25 00:00:00.0000,  3.893201131241617E+00,  1.216043005287845E+00, -8.192764793538617E-01
2469169.500000000, A.D. 2048-Apr-03 00:00:00.0000,  3.969207634422646E+00,  1.927563318358376E+00, -8.339595753569696E-01
2469269.500000000, A.D. 2048-Jul-12 00:00:00.0000,  3.914634295824865E+00,  2.576657593938933E+00, -8.211760205435717E-01
2469369.500000000, A.D. 2048-Oct-20 00:00:00.0000,  3.751857033052834E+00,  3.155224797149077E+00, -7.856771129079413E-01
2469469.500000000, A.D. 2049-Jan-28 00:00:00.0000,  3.497849509742396E+00,  3.657586215088671E+00, -7.310685975637773E-01
2469569.500000000, A.D. 2049-May-08 00:00:00.0000,  3.166056480065672E+00,  4.078960687276743E+00, -6.602013158853269E-01
2469669.500000000, A.D. 2049-Aug-16 00:00:00.0000,  2.767577119041383E+00,  4.414679490080421E+00, -5.754302859086228E-01
2469769.500000000, A.D. 2049-Nov-24 00:00:00.0000,  2.312050634495132E+00,  4.659556701969726E+00, -4.788047125716565E-01
2469869.500000000, A.D. 2050-Mar-04 00:00:00.0000,  1.808421171834037E+00,  4.807493752963087E+00, -3.722227260215400E-01
2469969.500000000, A.D. 2050-Jun-12 00:00:00.0000,  1.265593369959792E+00,  4.851016806619977E+00, -2.575780367535626E-01
2470069.500000000, A.D. 2050-Sep-20 00:00:00.0000,  6.932605597197096E-01,  4.780768839867577E+00, -1.369337785793160E-01
2470169.500000000, A.D. 2050-Dec-29 00:00:00.0000,  1.029856115097544E-01,  4.584802078705301E+00, -1.275754924570616E-02
2470269.500000000, A.D. 2051-Apr-08 00:00:00.0000, -4.899353327685400E-01,  4.247679194649109E+00,  1.116950269792122E-01
2470369.500000000, A.D. 2051-Jul-17 00:00:00.0000, -1.063328740990031E+00,  3.749357265653682E+00,  2.317037576146216E-01
2470469.500000000, A.D. 2051-Oct-25 00:00:00.0000, -1.581831973096705E+00,  3.063995666818199E+00,  3.397512811904119E-01
2470569.500000000, A.D. 2052-Feb-02 00:00:00.0000, -1.983544441462937E+00,  2.160755533677941E+00,  4.227099930434189E-01
2470669.500000000, A.D. 2052-May-12 00:00:00.0000, -2.150706622434463E+00,  1.016151020764030E+00,  4.556819679574081E-01
2470769.500000000, A.D. 2052-Aug-20 00:00:00.0000, -1.858789449875133E+00, -3.158335212310426E-01,  3.914044364881748E-01
2470869.500000000, A.D. 2052-Nov-28 00:00:00.0000, -8.450669032408047E-01, -1.470268928073446E+00,  1.752066061501755E-01
2470969.500000000, A.D. 2053-Mar-08 00:00:00.0000,  6.221977740509814E-01, -1.840986940310044E+00, -1.350519593255431E-01
2471069.500000000, A.D. 2053-Jun-16 00:00:00.0000,  1.901753069891619E+00, -1.492082631786382E+00, -4.042263317087889E-01
2471169.500000000, A.D. 2053-Sep-24 00:00:00.0000,  2.813666537119197E+00, -8.225243609608343E-01, -5.951812877278218E-01
2471269.500000000, A.D. 2054-Jan-02 00:00:00.0000,  3.414132052769472E+00, -5.219195529694204E-02, -7.202258065442267E-01
2471369.500000000, A.D. 2054-Apr-12 00:00:00.0000,  3.775144216694200E+00,  7.256467055552368E-01, -7.947366545996067E-01
2471469.500000000, A.D. 2054-Jul-21 00:00:00.0000,  3.950205578825955E+00,  1.469632837703125E+00, -8.300850598812828E-01
2471569.500000000, A.D. 2054-Oct-29 00:00:00.0000,  3.976953572776324E+00,  2.159509008685925E+00, -8.342567970454025E-01
2471669.500000000, A.D. 2055-Feb-06 00:00:00.0000,  3.882380459750054E+00,  2.784181756442590E+00, -8.129700202668073E-01
2471769.500000000, A.D. 2055-May-17 00:00:00.0000,  3.686499024170165E+00,  3.336657505947090E+00, -7.704629329615600E-01
2471869.500000000, A.D. 2055-Aug-25 00:00:00.0000,  3.404740535261716E+00,  3.811736056979053E+00, -7.100025151438795E-01
2471969.500000000, A.D. 2055-Dec-03 00:00:00.0000,  3.049459660084751E+00,  4.204770562363715E+00, -6.342117578883998E-01
2472069.500000000, A.D. 2056-Mar-12 00:00:00.0000,  2.631078311205733E+00,  4.510961855074988E+00, -5.452995536859507E-01
2472169.500000000, A.D. 2056-Jun-20 00:00:00.0000,  2.158833624205442E+00,  4.724909036817706E+00, -4.452281280429276E-01
2472269.500000000, A.D. 2056-Sep-28 00:00:00.0000,  1.641483460019898E+00,  4.840129450102673E+00, -3.358619423453308E-01
2472369.500000000, A.D. 2057-Jan-06 00:00:00.0000,  1.088004834497609E+00,  4.848632879933776E+00, -2.191152251802686E-01
2472469.500000000, A.D. 2057-Apr-16 00:00:00.0000,  5.084845874701158E-01,  4.740330994617459E+00, -9.713747633729682E-02
2472569.500000000, A.D. 2057-Jul-25 00:00:00.0000, -8.461860282410044E-02,  4.502374018984741E+00,  2.741744593468081E-02
2472669.500000000, A.D. 2057-Nov-02 00:00:00.0000, -6.744065204300717E-01,  4.118118088428201E+00,  1.509462035103419E-01
2472769.500000000, A.D. 2058-Feb-10 00:00:00.0000, -1.235601726074314E+00,  3.565971316606114E+00,  2.680748199952339E-01
2472869.500000000, A.D. 2058-May-21 00:00:00.0000, -1.726826319289581E+00,  2.818553029817162E+00,  3.700223405426440E-01
2472969.500000000, A.D. 2058-Aug-29 00:00:00.0000, -2.073869547609326E+00,  1.845253486802737E+00,  4.410824342720190E-01
2473069.500000000, A.D. 2058-Dec-07 00:00:00.0000, -2.133947947957233E+00,  6.337429448292737E-01,  4.511309036357321E-01
2473169.500000000, A.D. 2059-Mar-17 00:00:00.0000, -1.650380850802688E+00, -7.029651607396712E-01,  3.463150350001632E-01
2473269.500000000, A.D. 2059-Jun-25 00:00:00.0000, -4.439319855908400E-01, -1.677314036408314E+00,  8.991750154928213E-02
2473369.500000000, A.D. 2059-Oct-03 00:00:00.0000,  1.016438522402122E+00, -1.804963725885968E+00, -2.181662276185156E-01
2473469.500000000, A.D. 2060-Jan-11 00:00:00.0000,  2.192396692621514E+00, -1.334670215649731E+00, -4.650083976780647E-01
2473569.500000000, A.D. 2060-Apr-20 00:00:00.0000,  3.010163914144035E+00, -6.243290558074114E-01, -6.358339836263766E-01
2473669.500000000, A.D. 2060-Jul-29 00:00:00.0000,  3.538772808687932E+00,  1.531999919064281E-01, -7.455645790797156E-01
2473769.500000000, A.D. 2060-Nov-06 00:00:00.0000,  3.844856465751673E+00,  9.241293149936306E-01, -8.084083697278984E-01
2473869.500000000, A.D. 2061-Feb-14 00:00:00.0000,  3.976663842189838E+00,  1.654682171876635E+00, -8.346060834629805E-01
2473969.500000000, A.D. 2061-May-25 00:00:00.0000,  3.968297046133044E+00,  2.327770377056543E+00, -8.313812331285008E-01
2474069.500000000, A.D. 2061-Sep-02 00:00:00.0000,  3.844463128048794E+00,  2.933646917210348E+00, -8.039614522637306E-01
2474169.500000000, A.D. 2061-Dec-11 00:00:00.0000,  3.623687158447654E+00,  3.465889486142109E+00, -7.562665063267812E-01
2474269.500000000, A.D. 2062-Mar-21 00:00:00.0000,  3.320428926914063E+00,  3.919426861928071E+00, -6.913535861183131E-01
2474369.500000000, A.D. 2062-Jun-29 00:00:00.0000,  2.946462452855055E+00,  4.289582924287438E+00, -6.117106313224668E-01
2474469.500000000, A.D. 2062-Oct-07 00:00:00.0000,  2.511802347377057E+00,  4.571382834997660E+00, -5.194618928628655E-01
2474569.500000000, A.D. 2063-Jan-15 00:00:00.0000,  2.025518688088016E+00,  4.759099760741236E+00, -4.165304466978011E-01
2474669.500000000, A.D. 2063-Apr-25 00:00:00.0000,  1.496382411526882E+00,  4.845821120117726E+00, -3.047802200285821E-01
2474769.500000000, A.D. 2063-Aug-03 00:00:00.0000,  9.336318136446856E-01,  4.822976271436868E+00, -1.861753700064957E-01
2474869.500000000, A.D. 2063-Nov-11 00:00:00.0000,  3.478750548581136E-01,  4.679724405745035E+00, -6.298069202838820E-02
2474969.500000000, A.D. 2064-Feb-19 00:00:00.0000, -2.473861623071091E-01,  4.402114572966426E+00,  6.192602268553592E-02
2475069.500000000, A.D. 2064-May-29 00:00:00.0000, -8.332762822739886E-01,  3.972098333367102E+00,  1.845253459352084E-01
2475169.500000000, A.D. 2064-Sep-06 00:00:00.0000, -1.380821178937862E+00,  3.366262715519631E+00,  2.986527149407611E-01
2475269.500000000, A.D. 2064-Dec-15 00:00:00.0000, -1.841186399026602E+00,  2.555419458194676E+00,  3.939422500636329E-01
2475369.500000000, A.D. 2065-Mar-25 00:00:00.0000, -2.124398802410674E+00,  1.509932929601582E+00,  4.513508516566750E-01
2475469.500000000, A.D. 2065-Jul-03 00:00:00.0000, -2.055771997985539E+00,  2.359318308967741E-01,  4.340516475417982E-01
2475569.500000000, A.D. 2065-Oct-11 00:00:00.0000, -1.353601654290612E+00, -1.065866784150546E+00,  2.830711364259176E-01
2475669.500000000, A.D. 2066-Jan-19 00:00:00.0000,  9.077873226932450E-03, -1.803244030951804E+00, -5.960909829439877E-03
2475769.500000000, A.D. 2066-Apr-29 00:00:00.0000,  1.414936435930879E+00, -1.702376003157862E+00, -3.022311228030271E-01
2475869.500000000, A.D. 2066-Aug-07 00:00:00.0000,  2.477348171377648E+00, -1.130844797363977E+00, -5.250127575106774E-01
2475969.500000000, A.D. 2066-Nov-15 00:00:00.0000,  3.198801665133158E+00, -3.883979166218227E-01, -6.755014483937631E-01
2476069.500000000, A.D. 2067-Feb-23 00:00:00.0000,  3.653359017853207E+00,  3.919113724847976E-01, -7.696154644374201E-01
2476169.500000000, A.D. 2067-Jun-03 00:00:00.0000,  3.902048989345311E+00,  1.152620208281840E+00, -8.203527031887954E-01
2476269.500000000, A.D. 2067-Sep-11 00:00:00.0000,  3.988194795932797E+00,  1.866662583343936E+00, -8.369151241757352E-01
2476369.500000000, A.D. 2067-Dec-20 00:00:00.0000,  3.942575205936958E+00,  2.519863127243217E+00, -8.258277853923741E-01
2476469.500000000, A.D. 2068-Mar-29 00:00:00.0000,  3.787694781929043E+00,  3.103789670350090E+00, -7.918585234769298E-01
2476569.500000000, A.D. 2068-Jul-07 00:00:00.0000,  3.540655393227371E+00,  3.612591566187203E+00, -7.386256386280522E-01
2476669.500000000, A.D. 2068-Oct-15 00:00:00.0000,  3.214922211176477E+00,  4.041425683677235E+00, -6.689848304224033E-01
2476769.500000000, A.D. 2069-Jan-23 00:00:00.0000,  2.821618272012572E+00,  4.385543130196454E+00, -5.852936954348269E-01
2476869.500000000, A.D. 2069-May-03 00:00:00.0000,  2.370395764880487E+00,  4.639790487691188E+00, -4.895982897039374E-01
2476969.500000000, A.D. 2069-Aug-11 00:00:00.0000,  1.870146099710177E+00,  4.798119854859584E+00, -3.837873725489299E-01
2477069.500000000, A.D. 2069-Nov-19 00:00:00.0000,  1.329684961941752E+00,  4.853178784296873E+00, -2.697368366592403E-01
2477169.500000000, A.D. 2070-Feb-27 00:00:00.0000,  7.585356000521312E-01,  4.795755586541119E+00, -1.494748555756342E-01
2477269.500000000, A.D. 2070-Jun-07 00:00:00.0000,  1.680317620305178E-01,  4.614191838140981E+00, -2.541027940369136E-02
2477369.500000000, A.D. 2070-Sep-15 00:00:00.0000, -4.270632839944126E-01,  4.293488632459144E+00,  9.931150738271592E-02
2477469.500000000, A.D. 2070-Dec-24 00:00:00.0000, -1.005506228562055E+00,  3.814181722561305E+00,  2.201734073009361E-01
2477569.500000000, A.D. 2071-Apr-03 00:00:00.0000, -1.533819073377540E+00,  3.151243807133072E+00,  3.300674997573268E-01
2477669.500000000, A.D. 2071-Jul-12 00:00:00.0000, -1.954137558396430E+00,  2.274498099328829E+00,  4.167376165160979E-01
2477769.500000000, A.D. 2071-Oct-20 00:00:00.0000, -2.157794313959968E+00,  1.158690789053213E+00,  4.572269600877528E-01
2477869.500000000, A.D. 2072-Jan-28 00:00:00.0000, -1.936938710761767E+00, -1.585943389084943E-01,  4.078159338687917E-01
2477969.500000000, A.D. 2072-May-07 00:00:00.0000, -1.018822374900453E+00, -1.367660888187166E+00,  2.117071038795533E-01
2478069.500000000, A.D. 2072-Aug-15 00:00:00.0000,  4.245759963935995E-01, -1.855846962020191E+00, -9.352344151784027E-02
2478169.500000000, A.D. 2072-Nov-23 00:00:00.0000,  1.747060929915340E+00, -1.583985461180732E+00, -3.716151855177122E-01
2478269.500000000, A.D. 2073-Mar-03 00:00:00.0000,  2.708763282461810E+00, -9.471237771861160E-01, -5.728832254525319E-01
2478369.500000000, A.D. 2073-Jun-11 00:00:00.0000,  3.351030020140386E+00, -1.875722667448053E-01, -7.065638884605306E-01
2478469.500000000, A.D. 2073-Sep-19 00:00:00.0000,  3.745834534413350E+00,  5.900194762149527E-01, -7.880538972876368E-01
2478569.500000000, A.D. 2073-Dec-28 00:00:00.0000,  3.948491771860527E+00,  1.339278216163511E+00, -8.291100727749199E-01
2478669.500000000, A.D. 2074-Apr-07 00:00:00.0000,  3.998167536511991E+00,  2.037674762087503E+00, -8.380325468500969E-01
2478769.500000000, A.D. 2074-Jul-16 00:00:00.0000,  3.922918809408447E+00,  2.672985282241973E+00, -8.207582809525028E-01
2478869.500000000, A.D. 2074-Oct-24 00:00:00.0000,  3.743484021983124E+00,  3.237665083378275E+00, -7.816742409330786E-01
2478969.500000000, A.D. 2075-Feb-01 00:00:00.0000,  3.475767929166667E+00,  3.726188799659242E+00, -7.241457913982865E-01
2479069.500000000, A.D. 2075-May-12 00:00:00.0000,  3.132504189245709E+00,  4.133789482648940E+00, -6.508625780419388E-01
2479169.500000000, A.D. 2075-Aug-20 00:00:00.0000,  2.724293720547220E+00,  4.455674039542640E+00, -5.640715187016514E-01
2479269.500000000, A.D. 2075-Nov-28 00:00:00.0000,  2.260479643583964E+00,  4.686487750654305E+00, -4.657542279938567E-01
2479369.500000000, A.D. 2076-Mar-07 00:00:00.0000,  1.749810046663291E+00,  4.819888832575890E+00, -3.577706683353712E-01
2479469.500000000, A.D. 2076-Jun-15 00:00:00.0000,  1.201165394604408E+00,  4.848093493467358E+00, -2.420083166183831E-01
2479569.500000000, A.D. 2076-Sep-23 00:00:00.0000,  6.243296598876550E-01,  4.761362616855466E+00, -1.205554709538916E-01
2479669.500000000, A.D. 2077-Jan-01 00:00:00.0000,  3.120467719241237E-02,  4.547226128578447E+00,  4.046043594561587E-03
2479769.500000000, A.D. 2077-Apr-11 00:00:00.0000, -5.622411458995477E-01,  4.189607495919810E+00,  1.283919584332932E-01
2479869.500000000, A.D. 2077-Jul-20 00:00:00.0000, -1.132501307155124E+00,  3.667602817115399E+00,  2.474732087863706E-01
2479969.500000000, A.D. 2077-Oct-28 00:00:00.0000, -1.641551344566527E+00,  2.954453850561161E+00,  3.532039410810063E-01
2480069.500000000, A.D. 2078-Feb-05 00:00:00.0000, -2.021987410098264E+00,  2.018972736713828E+00,  4.312868262985693E-01
2480169.500000000, A.D. 2078-May-16 00:00:00.0000, -2.144521058144328E+00,  8.417239580371562E-01,  4.544019143174283E-01
2480269.500000000, A.D. 2078-Aug-24 00:00:00.0000, -1.767881183003323E+00, -4.985979359949618E-01,  3.718247869406283E-01
2480369.500000000, A.D. 2078-Dec-02 00:00:00.0000, -6.600018817838978E-01, -1.577049459691148E+00,  1.355785917480821E-01
2480469.500000000, A.D. 2079-Mar-12 00:00:00.0000,  8.100617337906720E-01, -1.832378288528714E+00, -1.751687003895348E-01
2480569.500000000, A.D. 2079-Jun-20 00:00:00.0000,  2.041546709920486E+00, -1.425081684953007E+00, -4.340347142427921E-01
2480669.500000000, A.D. 2079-Sep-28 00:00:00.0000,  2.909444977567855E+00, -7.373393825050483E-01, -6.155327848190144E-01
2480769.500000000, A.D. 2080-Jan-06 00:00:00.0000,  3.477088976377229E+00,  3.480687268571002E-02, -7.334854412433002E-01
2480869.500000000, A.D. 2080-Apr-15 00:00:00.0000,  3.813714232113548E+00,  8.080177728377964E-01, -8.026929478383770E-01
2480969.500000000, A.D. 2080-Jul-24 00:00:00.0000,  3.970033165915913E+00,  1.544703854512769E+00, -8.339455622308539E-01
2481069.500000000, A.D. 2080-Nov-01 00:00:00.0000,  3.981823228070377E+00,  2.226112822266297E+00, -8.348371574342632E-01
2481169.500000000, A.D. 2081-Feb-09 00:00:00.0000,  3.874846666779660E+00,  2.841728514431399E+00, -8.108307730902380E-01
2481269.500000000, A.D. 2081-May-20 00:00:00.0000,  3.668351590105109E+00,  3.384740152156944E+00, -7.659997866550443E-01
2481369.500000000, A.D. 2081-Aug-28 00:00:00.0000,  3.377235924310763E+00,  3.849947464483153E+00, -7.034996876588224E-01
2481469.500000000, A.D. 2081-Dec-06 00:00:00.0000,  3.013536533781117E+00,  4.232570457634457E+00, -6.258812280237874E-01
2481569.500000000, A.D. 2082-Mar-16 00:00:00.0000,  2.587467043824752E+00,  4.527635760527434E+00, -5.353059639036959E-01
2481669.500000000, A.D. 2082-Jun-24 00:00:00.0000,  2.108175165649210E+00,  4.729461643188650E+00, -4.337119461979355E-01
2481769.500000000, A.D. 2082-Oct-02 00:00:00.0000,  1.584439579557962E+00,  4.831249569683632E+00, -3.229609679837817E-01
2481869.500000000, A.D. 2083-Jan-10 00:00:00.0000,  1.025368698965420E+00,  4.824560341874362E+00, -2.049908990760630E-01
2481969.500000000, A.D. 2083-Apr-20 00:00:00.0000,  4.413878101641532E-01,  4.698756538446061E+00, -8.201525714025391E-02
2482069.500000000, A.D. 2083-Jul-29 00:00:00.0000, -1.544597509977460E-01,  4.440237894667924E+00,  4.318535795244342E-02
2482169.500000000, A.D. 2083-Nov-06 00:00:00.0000, -7.441449029579118E-01,  4.031349556184434E+00,  1.667621674077550E-01
2482269.500000000, A.D. 2084-Feb-14 00:00:00.0000, -1.300289661955458E+00,  3.449139615118621E+00,  2.828701469484748E-01
2482369.500000000, A.D. 2084-May-24 00:00:00.0000, -1.777137654763533E+00,  2.664555643152094E+00,  3.817639107569392E-01
2482469.500000000, A.D. 2084-Sep-01 00:00:00.0000, -2.090813199806169E+00,  1.646388959496264E+00,  4.456372545439267E-01
2482569.500000000, A.D. 2084-Dec-10 00:00:00.0000, -2.077415945257167E+00,  3.910741692371735E-01,  4.398434193714205E-01
2482669.500000000, A.D. 2085-Mar-20 00:00:00.0000, -1.456410954411856E+00, -9.355060226158396E-01,  3.055044309963659E-01
2482769.500000000, A.D. 2085-Jun-28 00:00:00.0000, -1.355674789109582E-01, -1.761509673059558E+00,  2.448462884413198E-02
2482869.500000000, A.D. 2085-Oct-06 00:00:00.0000,  1.295987783966902E+00, -1.728598660784509E+00, -2.778942171516239E-01
2482969.500000000, A.D. 2086-Jan-14 00:00:00.0000,  2.394263345992013E+00, -1.183481420053722E+00, -5.086437806366967E-01
2483069.500000000, A.D. 2086-Apr-24 00:00:00.0000,  3.143806335570555E+00, -4.488103344191782E-01, -6.652557128435518E-01
2483169.500000000, A.D. 2086-Aug-02 00:00:00.0000,  3.619430479122607E+00,  3.308798672427201E-01, -7.638761251640507E-01
2483269.500000000, A.D. 2086-Nov-10 00:00:00.0000,  3.884444368613018E+00,  1.093876506126911E+00, -8.180265114587045E-01
2483369.500000000, A.D. 2087-Feb-18 00:00:00.0000,  3.983793995285611E+00,  1.811528728316666E+00, -8.372681472367254E-01
2483469.500000000, A.D. 2087-May-29 00:00:00.0000,  3.949256397384681E+00,  2.469026922074076E+00, -8.283471012407340E-01
2483569.500000000, A.D. 2087-Sep-06 00:00:00.0000,  3.803966838971406E+00,  3.057726439274720E+00, -7.961697068415351E-01
2483669.500000000, A.D. 2087-Dec-15 00:00:00.0000,  3.565367813078542E+00,  3.571689665439192E+00, -7.444390843932328E-01
2483769.500000000, A.D. 2088-Mar-24 00:00:00.0000,  3.247197300851167E+00,  4.006055986653404E+00, -6.760670382568028E-01
2483869.500000000, A.D. 2088-Jul-02 00:00:00.0000,  2.860701445847100E+00,  4.356155452978833E+00, -5.934433793384224E-01
2483969.500000000, A.D. 2088-Oct-10 00:00:00.0000,  2.415579969829703E+00,  4.616893198137790E+00, -4.986335998585696E-01
2484069.500000000, A.D. 2089-Jan-18 00:00:00.0000,  1.920695067276745E+00,  4.782314179241351E+00, -3.935314125239809E-01
2484169.500000000, A.D. 2089-Apr-28 00:00:00.0000,  1.384792103057778E+00,  4.845135087799646E+00, -2.800060381621307E-01
2484269.500000000, A.D. 2089-Aug-06 00:00:00.0000,  8.172371289282016E-01,  4.796293100513455E+00, -1.600648790336370E-01
2484369.500000000, A.D. 2089-Nov-14 00:00:00.0000,  2.290469136863361E-01,  4.624211072849144E+00, -3.607610800243276E-02
2484469.500000000, A.D. 2090-Feb-22 00:00:00.0000, -3.654184350447713E-01,  4.313956312429530E+00,  8.888055167990015E-02
2484569.500000000, A.D. 2090-Jun-02 00:00:00.0000, -9.455924998879469E-01,  3.846066041574685E+00,  2.103982712728337E-01
2484669.500000000, A.D. 2090-Sep-10 00:00:00.0000, -1.479038258690995E+00,  3.195288885374648E+00,  3.215438295453935E-01
2484769.500000000, A.D. 2090-Dec-19 00:00:00.0000, -1.909587803474828E+00,  2.330553191670474E+00,  4.103416096925048E-01
2484869.500000000, A.D. 2091-Mar-29 00:00:00.0000, -2.130827658688693E+00,  1.223709492153532E+00,  4.541977952419916E-01
2484969.500000000, A.D. 2091-Jul-07 00:00:00.0000, -1.935100678955489E+00, -9.555521338879286E-02,  4.092465312644667E-01
2485069.500000000, A.D. 2091-Oct-15 00:00:00.0000, -1.034212952200678E+00, -1.326135058326987E+00,  2.153058369161643E-01
2485169.500000000, A.D. 2092-Jan-23 00:00:00.0000,  4.176335996102873E-01, -1.829698553150309E+00, -9.327637429508348E-02
2485269.500000000, A.D. 2092-May-02 00:00:00.0000,  1.748230833087228E+00, -1.553005469989269E+00, -3.740819755592482E-01
2485369.500000000, A.D. 2092-Aug-10 00:00:00.0000,  2.709219494569563E+00, -9.083696358725969E-01, -5.756213678771540E-01
2485469.500000000, A.D. 2092-Nov-18 00:00:00.0000,  3.346771607485485E+00, -1.442139435246719E-01, -7.083155329049818E-01
2485569.500000000, A.D. 2093-Feb-26 00:00:00.0000,  3.735817642548756E+00,  6.346332023579117E-01, -7.883009033382974E-01
2485669.500000000, A.D. 2093-Jun-06 00:00:00.0000,  3.932808887954537E+00,  1.382555517342403E+00, -8.276521226647366E-01
2485769.500000000, A.D. 2093-Sep-14 00:00:00.0000,  3.977302855279428E+00,  2.077637852347438E+00, -8.348011281141530E-01
2485869.500000000, A.D. 2093-Dec-23 00:00:00.0000,  3.897432703225977E+00,  2.708066251816021E+00, -8.157318835198032E-01
2485969.500000000, A.D. 2094-Apr-02 00:00:00.0000,  3.713944317747749E+00,  3.266473287819994E+00, -7.748397214485069E-01
2486069.500000000, A.D. 2094-Jul-11 00:00:00.0000,  3.442730671856888E+00,  3.747442907825735E+00, -7.154758284330939E-01
2486169.500000000, A.D. 2094-Oct-19 00:00:00.0000,  3.096476253998939E+00,  4.146131540762574E+00, -6.402969413912092E-01
2486269.500000000, A.D. 2095-Jan-27 00:00:00.0000,  2.685851649556318E+00,  4.457533353273662E+00, -5.514976664513406E-01
2486369.500000000, A.D. 2095-May-07 00:00:00.0000,  2.220385130195814E+00,  4.675910037453837E+00, -4.509687929383313E-01
2486469.500000000, A.D. 2095-Aug-15 00:00:00.0000,  1.709366722187573E+00,  4.794323389172791E+00, -3.404094924323049E-01
2486569.500000000, A.D. 2095-Nov-23 00:00:00.0000,  1.163009963774409E+00,  4.804203305498904E+00, -2.213986285189836E-01
2486669.500000000, A.D. 2096-Mar-02 00:00:00.0000,  5.941616638914540E-01,  4.695944853715437E+00, -9.570274220383969E-02
2486769.500000000, A.D. 2096-Jun-10 00:00:00.0000,  1.599580733365696E-02,  4.459952386605788E+00,  3.329549173882336E-02
2486869.500000000, A.D. 2096-Sep-18 00:00:00.0000, -5.592604677938432E-01,  4.079248023417464E+00,  1.606820079846949E-01
2486969.500000000, A.D. 2096-Dec-27 00:00:00.0000, -1.109099632204301E+00,  3.527718114068768E+00,  2.805750915534120E-01
2487069.500000000, A.D. 2097-Apr-06 00:00:00.0000, -1.591713243557228E+00,  2.771823645026044E+00,  3.833121393969828E-01
2487169.500000000, A.D. 2097-Jul-15 00:00:00.0000, -1.926279789332155E+00,  1.770869390914269E+00,  4.503824810968842E-01
2487269.500000000, A.D. 2097-Oct-23 00:00:00.0000, -1.939780588383143E+00,  4.999815147859911E-01,  4.425388970691455E-01
2487369.500000000, A.D. 2098-Jan-31 00:00:00.0000, -1.281543764357549E+00, -8.801909112655570E-01,  2.819714844422310E-01
2487469.500000000, A.D. 2098-May-11 00:00:00.0000,  1.818423836978111E-01, -1.619984256893656E+00, -5.500057886792403E-02
2487569.500000000, A.D. 2098-Aug-19 00:00:00.0000,  1.618483233881639E+00, -1.359371516531771E+00, -3.773268085292845E-01
2487669.500000000, A.D. 2098-Nov-27 00:00:00.0000,  2.604479337890539E+00, -6.532604913051421E-01, -5.940051304229723E-01
2487769.500000000, A.D. 2099-Mar-07 00:00:00.0000,  3.218123437794186E+00,  1.620691442992805E-01, -7.256110981550949E-01
2487869.500000000, A.D. 2099-Jun-15 00:00:00.0000,  3.564358532922260E+00,  9.692594736616683E-01, -7.968595040583945E-01
2487969.500000000, A.D. 2099-Sep-23 00:00:00.0000,  3.713188487818005E+00,  1.725095153137908E+00, -8.239395817736750E-01
2488069.500000000, A.D. 2100-Jan-01 00:00:00.0000,  3.710077536539631E+00,  2.411549150807240E+00, -8.172782976802526E-01
2488169.500000000, A.D. 2100-Apr-11 00:00:00.0000,  3.585824754845688E+00,  3.019946827492646E+00, -7.839094351862536E-01
2488269.500000000, A.D. 2100-Jul-20 00:00:00.0000,  3.362401218288903E+00,  3.545233260712007E+00, -7.288381358021028E-01
2488369.500000000, A.D. 2100-Oct-28 00:00:00.0000,  3.056230920513532E+00,  3.983541547121507E+00, -6.558144906451318E-01
2488469.500000000, A.D. 2101-Feb-05 00:00:00.0000,  2.680288591047432E+00,  4.331025176538716E+00, -5.678038621663227E-01
2488569.500000000, A.D. 2101-May-16 00:00:00.0000,  2.245386553373384E+00,  4.583244699012697E+00, -4.672891720434723E-01
2488669.500000000, A.D. 2101-Aug-24 00:00:00.0000,  1.761157955468055E+00,  4.734633496596496E+00, -3.564979053132944E-01
2488769.500000000, A.D. 2101-Dec-02 00:00:00.0000,  1.236889202702196E+00,  4.778031655952773E+00, -2.375962940401195E-01
2488869.500000000, A.D. 2102-Mar-12 00:00:00.0000,  6.824591412149787E-01,  4.704039322638035E+00, -1.129022954217666E-01
2488969.500000000, A.D. 2102-Jun-20 00:00:00.0000,  1.095830893140534E-01,  4.500268754781150E+00,  1.482783644486050E-02
2489069.500000000, A.D. 2102-Sep-28 00:00:00.0000, -4.662454116556128E-01,  4.150107559273055E+00,  1.419390335729695E-01
2489169.500000000, A.D. 2103-Jan-06 00:00:00.0000, -1.021976403981600E+00,  3.631027531394525E+00,  2.630197035961419E-01
2489269.500000000, A.D. 2103-Apr-16 00:00:00.0000, -1.519246283667839E+00,  2.912456237324717E+00,  3.691241651722926E-01
2489369.500000000, A.D. 2103-Jul-25 00:00:00.0000, -1.886090373651440E+00,  1.955193535727739E+00,  4.436372665729786E-01
2489469.500000000, A.D. 2103-Nov-02 00:00:00.0000, -1.970769975115272E+00,  7.272766278948495E-01,  4.519657093315084E-01
2489569.500000000, A.D. 2104-Feb-10 00:00:00.0000, -1.451682030668893E+00, -6.684255429649255E-01,  3.223064453056860E-01
2489669.500000000, A.D. 2104-May-20 00:00:00.0000, -7.888897412076763E-02, -1.574497214687381E+00,  3.953768502541073E-03
2489769.500000000, A.D. 2104-Aug-28 00:00:00.0000,  1.417218780047764E+00, -1.440596828593800E+00, -3.330948238513206E-01
2489869.500000000, A.D. 2104-Dec-06 00:00:00.0000,  2.474090903163588E+00, -7.721778012101445E-01, -5.660642901873653E-01
2489969.500000000, A.D. 2105-Mar-16 00:00:00.0000,  3.138692614076211E+00,  3.812922404822569E-02, -7.089651422491476E-01
2490069.500000000, A.D. 2105-Jun-24 00:00:00.0000,  3.521507726823276E+00,  8.509516895392139E-01, -7.879405479958637E-01
2490169.500000000, A.D. 2105-Oct-02 00:00:00.0000,  3.697964432648087E+00,  1.616094025026163E+00, -8.204521002986380E-01
2490269.500000000, A.D. 2106-Jan-10 00:00:00.0000,  3.716778458159792E+00,  2.313073576314418E+00, -8.176603401017560E-01
2490369.500000000, A.D. 2106-Apr-20 00:00:00.0000,  3.610667220749835E+00,  2.932286942535999E+00, -7.869959289406272E-01
2490469.500000000, A.D. 2106-Jul-29 00:00:00.0000,  3.402790347379138E+00,  3.468236880804919E+00, -7.336500329863186E-01
2490569.500000000, A.D. 2106-Nov-06 00:00:00.0000,  3.110420798218191E+00,  3.916784352515449E+00, -6.613896596460935E-01
2490669.500000000, A.D. 2107-Feb-14 00:00:00.0000,  2.747252528533545E+00,  4.273730879629990E+00, -5.729746878989195E-01
2490769.500000000, A.D. 2107-May-25 00:00:00.0000,  2.325101828258963E+00,  4.533970490595228E+00, -4.701781291446464E-01
2490869.500000000, A.D. 2107-Sep-02 00:00:00.0000,  1.855950195207525E+00,  4.690412462234526E+00, -3.524784828271032E-01
2490969.500000000, A.D. 2107-Dec-11 00:00:00.0000,  1.355952814128686E+00,  4.737729797928512E+00, -2.059475250925507E-01
2491069.500000000, A.D. 2108-Mar-20 00:00:00.0000,  8.227873426185823E-01,  4.695214537414607E+00, -2.148934548306138E-02
2491169.500000000, A.D. 2108-Jun-28 00:00:00.0000,  2.591371252181484E-01,  4.539761599663821E+00,  1.658173199548353E-01
2491269.500000000, A.D. 2108-Oct-06 00:00:00.0000, -3.152909627107915E-01,  4.245651201963104E+00,  3.465674859927032E-01
2491369.500000000, A.D. 2109-Jan-14 00:00:00.0000, -8.782376595467682E-01,  3.791652327742452E+00,  5.130719495853635E-01
2491469.500000000, A.D. 2109-Apr-24 00:00:00.0000, -1.397163252709040E+00,  3.152615441777258E+00,  6.534068279472542E-01
2491569.500000000, A.D. 2109-Aug-02 00:00:00.0000, -1.817091097189998E+00,  2.298225818563651E+00,  7.474904174331213E-01
2491669.500000000, A.D. 2109-Nov-10 00:00:00.0000, -2.034468647817758E+00,  1.201181643797086E+00,  7.588053056067559E-01
2491769.500000000, A.D. 2110-Feb-18 00:00:00.0000, -1.844061818604188E+00, -1.084221054877751E-01,  6.195327110667843E-01
2491869.500000000, A.D. 2110-May-29 00:00:00.0000, -9.467021757500826E-01, -1.315873916694831E+00,  2.461745852416616E-01
2491969.500000000, A.D. 2110-Sep-06 00:00:00.0000,  4.988269312807367E-01, -1.731048892798154E+00, -2.680042768476896E-01
2492069.500000000, A.D. 2110-Dec-15 00:00:00.0000,  1.775288784572275E+00, -1.332858405435076E+00, -6.784038975399000E-01
2492169.500000000, A.D. 2111-Mar-25 00:00:00.0000,  2.650465014616236E+00, -5.923854272581858E-01, -9.330973674028306E-01
2492269.500000000, A.D. 2111-Jul-03 00:00:00.0000,  3.193523825850054E+00,  2.339936882845881E-01, -1.070174339647842E+00
2492369.500000000, A.D. 2111-Oct-11 00:00:00.0000,  3.488815166843323E+00,  1.046660159006466E+00, -1.123943950616279E+00
2492469.500000000, A.D. 2112-Jan-19 00:00:00.0000,  3.596205515827597E+00,  1.805031608379849E+00, -1.117038273979550E+00
2492569.500000000, A.D. 2112-Apr-28 00:00:00.0000,  3.556554120834649E+00,  2.490726629676751E+00, -1.064367560640581E+00
2492669.500000000, A.D. 2112-Aug-06 00:00:00.0000,  3.398554601703146E+00,  3.094218050294193E+00, -9.762170452009031E-01
2492769.500000000, A.D. 2112-Nov-14 00:00:00.0000,  3.143274231968871E+00,  3.609568224008219E+00, -8.600778919371017E-01
2492869.500000000, A.D. 2113-Feb-22 00:00:00.0000,  2.806908663572476E+00,  4.032073865298550E+00, -7.217213101913540E-01
2492969.500000000, A.D. 2113-Jun-02 00:00:00.0000,  2.402615568796170E+00,  4.357111646474647E+00, -5.658732742742656E-01
2493069.500000000, A.D. 2113-Sep-10 00:00:00.0000,  1.941677621895363E+00,  4.579442694663975E+00, -3.966716833125490E-01
2493169.500000000, A.D. 2113-Dec-19 00:00:00.0000,  1.434528328034702E+00,  4.692612274053764E+00, -2.180318522689171E-01
2493269.500000000, A.D. 2114-Mar-29 00:00:00.0000,  8.916751804198266E-01,  4.688470703351720E+00, -3.399000859922841E-02
2493369.500000000, A.D. 2114-Jul-07 00:00:00.0000,  3.247887989242912E-01,  4.556506421850625E+00,  1.508876738266924E-01
2493469.500000000, A.D. 2114-Oct-15 00:00:00.0000, -2.517293730011593E-01,  4.283052226871020E+00,  3.309230953719663E-01
2493569.500000000, A.D. 2115-Jan-23 00:00:00.0000, -8.181021041683683E-01,  3.850142035453038E+00,  4.983653001844844E-01
2493669.500000000, A.D. 2115-May-03 00:00:00.0000, -1.344102487159002E+00,  3.234335884148023E+00,  6.416136492802071E-01
2493769.500000000, A.D. 2115-Aug-11 00:00:00.0000, -1.778627146810798E+00,  2.406394240053562E+00,  7.416389079497682E-01
2493869.500000000, A.D. 2115-Nov-19 00:00:00.0000, -2.026035782723067E+00,  1.337824689243362E+00,  7.643435495883870E-01
2493969.500000000, A.D. 2116-Feb-27 00:00:00.0000, -1.896165746211176E+00,  4.571173769997526E-02,  6.461624057207419E-01
2494069.500000000, A.D. 2116-Jun-06 00:00:00.0000, -1.087580291702814E+00, -1.206067279892062E+00,  2.999306834923700E-01
2494169.500000000, A.D. 2116-Sep-14 00:00:00.0000,  3.338358339358617E-01, -1.731893904225415E+00, -2.126534347435236E-01
2494269.500000000, A.D. 2116-Dec-23 00:00:00.0000,  1.652392601869824E+00, -1.398420028885838E+00, -6.410054252760480E-01
2494369.500000000, A.D. 2117-Apr-02 00:00:00.0000,  2.570363553222443E+00, -6.775038138382918E-01, -9.110641103509864E-01
2494469.500000000, A.D. 2117-Jul-11 00:00:00.0000,  3.145488042171457E+00,  1.471376601000425E-01, -1.058564791050457E+00
2494569.500000000, A.D. 2117-Oct-19 00:00:00.0000,  3.464887791956875E+00,  9.646449135097128E-01, -1.119247395744835E+00
2494669.500000000, A.D. 2118-Jan-27 00:00:00.0000,  3.591401113401498E+00,  1.730424085643067E+00, -1.116769587656104E+00
2494769.500000000, A.D. 2118-May-07 00:00:00.0000,  3.567904364714297E+00,  2.424560130961440E+00, -1.066512963434761E+00
2494869.500000000, A.D. 2118-Aug-15 00:00:00.0000,  3.424436665258990E+00,  3.036958078250584E+00, -9.787834525301742E-01
2494969.500000000, A.D. 2118-Nov-23 00:00:00.0000,  3.183021923782841E+00,  3.561494593291995E+00, -8.605627705547881E-01
2495069.500000000, A.D. 2119-Mar-03 00:00:00.0000,  2.860428703920215E+00,  3.993661547578069E+00, -7.161910318101813E-01
2495169.500000000, A.D. 2119-Jun-11 00:00:00.0000,  2.468969790179615E+00,  4.329808515620653E+00, -5.476696370962348E-01
2495269.500000000, A.D. 2119-Sep-19 00:00:00.0000,  2.016146831751529E+00,  4.566783021483412E+00, -3.579780465467208E-01
2495369.500000000, A.D. 2119-Dec-28 00:00:00.0000,  1.509814944156270E+00,  4.699012597536857E+00, -1.552849489803709E-01
2495469.500000000, A.D. 2120-Apr-06 00:00:00.0000,  9.619618471154103E-01,  4.717701902363292E+00,  5.216817114802049E-02
2495569.500000000, A.D. 2120-Jul-15 00:00:00.0000,  3.860469704671433E-01,  4.612342543831318E+00,  2.579783081218044E-01
2495669.500000000, A.D. 2120-Oct-23 00:00:00.0000, -2.026847781388037E-01,  4.370468094046501E+00,  4.555590033081759E-01
2495769.500000000, A.D. 2121-Jan-31 00:00:00.0000, -7.848484063753306E-01,  3.976871412775738E+00,  6.366202572691452E-01
2495869.500000000, A.D. 2121-May-11 00:00:00.0000, -1.332944437323839E+00,  3.413045728187660E+00,  7.895892757386288E-01
2495969.500000000, A.D. 2121-Aug-19 00:00:00.0000, -1.804377581229647E+00,  2.657809239938199E+00,  8.970786781712716E-01
2496069.500000000, A.D. 2121-Nov-27 00:00:00.0000, -2.127928861169607E+00,  1.692421960771391E+00,  9.313794694619018E-01
2496169.500000000, A.D. 2122-Mar-07 00:00:00.0000, -2.179264729415475E+00,  5.237537836497798E-01,  8.474953521043288E-01
2496269.500000000, A.D. 2122-Jun-15 00:00:00.0000, -1.760780601362144E+00, -7.330025269444487E-01,  5.829917510422021E-01
2496369.500000000, A.D. 2122-Sep-23 00:00:00.0000, -7.309563340634515E-01, -1.698462861951733E+00,  1.192842194884445E-01
2496469.500000000, A.D. 2123-Jan-01 00:00:00.0000,  6.173488691505380E-01, -1.940477294571847E+00, -3.978580992575058E-01
