CID,IDSURVEY,zHD,zHDERR,MU_SH0ES
2011fe,51,0.00122,0.00084,28.9987
2011fe,56,0.00122,0.00084,29.0559
2012cg,51,0.00256,0.00084,30.7233
2012cg,56,0.00256,0.00084,30.7449
1994DRichmond,50,0.00299,0.00084,30.7757
1981B,50,0.00317,0.00084,30.7946
2013aa,56,0.00331,0.00085,30.4604
2013aa,5,0.00331,0.00085,30.5528
2017cbv,5,0.00331,0.00085,30.4013
2017cbv,18,0.00331,0.00085,30.5107
2001el,50,0.00333,0.00084,31.5011
2011by,51,0.00349,0.00084,31.7933
1998aq,50,0.00349,0.00084,31.4967
1990N,50,0.00359,0.00084,31.6969
2021pit,56,0.00384,0.00084,30.9999
2005df,50,0.00407,0.00084,31.3933
2005df_ANU,50,0.00407,0.00084,31.3779
2013dy,51,0.00432,0.00084,31.499
2013dy,56,0.00432,0.00084,31.5611
2012ht,56,0.00465,0.00084,31.9309
2012ht,5,0.00465,0.00084,32.033
1980N,50,0.00482,0.00084,31.2476
2012fr,56,0.00483,0.00085,31.1331
2007on,5,0.00483,0.00085,31.6525
2012fr,5,0.00483,0.00085,31.2234
1992A,50,0.00483,0.00085,31.34
2007on,56,0.00483,0.00085,31.7635
2015F,56,0.00488,0.00084,31.4473
2015F,5,0.00488,0.00084,31.539
2011B,56,0.00538,0.00084,31.6512
2018aoz,51,0.00548,0.00085,31.7282
2016coj,51,0.0057,0.00084,31.9117
SN2016coj,150,0.0057,0.00084,31.8985
2007sr,57,0.00571,0.00084,31.6799
2007sr,64,0.00571,0.00084,31.6292
2007gi,50,0.00587,0.00084,31.7403
1994ae,61,0.00588,0.00084,32.1822
2015bp,56,0.00592,0.00084,32.4685
2018gv,18,0.00602,0.00085,31.9404
2018gv,51,0.00602,0.00085,32.0666
2018gv,150,0.00602,0.00085,31.9102
1981D,50,0.00616,0.00084,30.9079
2006dd,50,0.00616,0.00084,31.1857
2007af,57,0.00625,0.00084,32.0667
2007af,56,0.00625,0.00084,32.0023
2007af,5,0.00625,0.00084,32.0999
2007af,64,0.00625,0.00084,32.0337
2007le,57,0.0063,0.00084,32.0754
2007le,5,0.0063,0.00084,32.0843
2007le,65,0.0063,0.00084,32.0203
1998dm,57,0.00631,0.00085,32.8333
2014bv,56,0.00634,0.00085,32.4001
2019np,18,0.00648,0.00084,32.4608
2019np,150,0.00648,0.00084,32.4338
1997br,62,0.00665,0.00085,31.7321
2011iv,5,0.00668,0.00085,31.2217
1995al,61,0.00673,0.00084,32.3593
1996X,61,0.00676,0.00085,31.9733
2017erp,51,0.00677,0.00085,32.1951
2017erp,150,0.00677,0.00085,32.1729
2017erp,18,0.00677,0.00085,32.2048
1992G,50,0.00692,0.00084,32.4405
2005cf,57,0.0071,0.00084,32.3193
2005cf,56,0.0071,0.00084,32.3327
2005cf,64,0.0071,0.00084,32.3221
2002fk,63,0.00719,0.00085,32.4423
2002fk,57,0.00719,0.00085,32.4642
2003du,57,0.00747,0.00084,32.7943
2003du,63,0.00747,0.00084,32.7423
2003du,50,0.00747,0.00084,32.7685
2008Q,57,0.0075,0.00084,32.3312
2008Q,56,0.0075,0.00084,32.2998
2003kf,63,0.00795,0.00084,32.6418
1998dh,57,0.00814,0.00084,32.7164
1998dh,62,0.00814,0.00084,32.6151
2012hr,56,0.00814,0.00084,32.7092
2009ig,56,0.00815,0.00084,32.3711
2009ig,51,0.00815,0.00084,32.7434
2009ig,66,0.00815,0.00084,32.6707
1996Z,61,0.00817,0.00085,32.4455
1995D,61,0.00818,0.00084,32.484
1991M,50,0.00821,0.00084,33.2138
2013gh,51,0.00838,0.00085,32.521
2013gh,56,0.00838,0.00085,32.6922
2001bg,57,0.00855,0.00084,32.6928
2005W,5,0.00855,0.00084,32.852
ASASSN-15so,150,0.00857,0.00084,32.7527
PSNJ0717457,150,0.00861,0.00084,32.7223
2005am,57,0.00863,0.00085,32.3744
2005am,5,0.00863,0.00085,32.3945
2005am,64,0.00863,0.00085,32.335
1997bp,62,0.00864,0.00085,32.4198
2019ein,50,0.00883,0.00084,32.8616
2002er,57,0.00906,0.00084,32.799
2002er,50,0.00906,0.00084,32.7498
2006D,57,0.00925,0.00084,32.8914
2006D,5,0.00925,0.00084,32.8973
2006D,64,0.00925,0.00084,32.9159
2013cs,56,0.00935,0.00084,32.3353
1999cp,57,0.00954,0.00086,33.0399
1999cp,50,0.00954,0.00086,33.2135
2002cr,57,0.00954,0.00086,33.2309
2002cr,63,0.00954,0.00086,33.2469
2002dj,57,0.00957,0.00087,32.901
2002dj,63,0.00957,0.00087,32.8654
1998es,62,0.00966,0.00086,32.8029
1998es,57,0.00966,0.00086,32.9165
PTF10icb,56,0.00993,0.00084,33.4753
2009Y,56,0.00996,0.00086,32.6457
2009Y,5,0.00996,0.00086,32.7458
2009Y,65,0.00996,0.00086,32.9015
2013E,56,0.01016,0.00085,32.7794
1999ac,57,0.01017,0.00084,32.9182
1999ac,62,0.01017,0.00084,32.9674
2009an,51,0.01026,0.00084,33.3378
2009an,65,0.01026,0.00084,33.2253
2006bh,5,0.01028,0.00086,33.2788
2004S,57,0.01042,0.00084,33.1236
2021hpr,57,0.01044,0.00084,33.0869
2002dp,63,0.01061,0.00084,33.3806
2002dp,57,0.01061,0.00084,33.2931
1997do,62,0.01073,0.00084,33.1081
1997bq,62,0.01079,0.00084,33.0683
2008fv_comb,50,0.01079,0.00084,33.1809
ASASSN-16jf,150,0.01096,0.00084,33.5709
iPTF13ebh,56,0.01114,0.00085,33.7337
iPTF13ebh,5,0.01114,0.00085,33.6369
2010ko,56,0.01122,0.00084,33.8347
2013ex,51,0.01122,0.00084,33.4336
2013ex,56,0.01122,0.00084,33.4947
2009ab,5,0.01155,0.00085,33.5833
2011ao,56,0.01195,0.00084,33.4974
2001cz,50,0.01213,0.00086,33.8783
2009kk,66,0.0122,0.00086,33.7023
2010Y,66,0.01233,0.00084,33.7403
2008R,5,0.01246,0.00086,33.8286
2002ha,57,0.01258,0.00085,33.708
2002ha,63,0.01258,0.00085,33.7246
2009kq,51,0.01259,0.00086,33.5874
2009kq,66,0.01259,0.00086,33.5178
2001bt,50,0.01279,0.00086,33.7492
2001ep,57,0.01283,0.00086,33.6365
2001ep,63,0.01283,0.00086,33.5028
2013gy,51,0.01303,0.00085,33.7355
2013gy,56,0.01303,0.00085,33.7607
AT2017cfd,150,0.01304,0.00086,33.5752
2017cfd,51,0.01304,0.00086,33.5673
1999dq,57,0.01312,0.00085,33.52
1999dq,62,0.01312,0.00085,33.4717
2007hj,57,0.01325,0.00085,33.9682
2007hj,5,0.01325,0.00085,33.9846
2007hj,65,0.01325,0.00085,33.9247
2008hv,56,0.01375,0.00085,33.797
2008hv,5,0.01375,0.00085,33.7683
2008hv,65,0.01375,0.00085,33.772
1997E,62,0.01376,0.00085,33.7649
2007cv,56,0.01386,0.00086,33.6741
1992al,50,0.01388,0.00085,33.6968
1999dk,50,0.01389,0.00085,33.8053
1999dk,57,0.01389,0.00085,33.6651
ASASSN-16dn,150,0.01411,0.00085,33.8206
ASASSN-16la,150,0.01424,0.00085,33.8444
2005kc,5,0.01442,0.00085,34.0187
2005kc,64,0.01442,0.00085,34.0249
2007ca,57,0.01442,0.00085,34.3366
2007ca,5,0.01442,0.00085,34.1781
2007ca,64,0.01442,0.00085,34.252
2006N,64,0.01446,0.00085,33.9078
2006td,64,0.0145,0.00085,34.1727
2013gq,51,0.01453,0.00085,33.7526
2004eo,5,0.0146,0.00085,33.8826
2003gt,57,0.01462,0.00085,33.9253
2005bo,5,0.01463,0.00085,33.7553
2005bo,57,0.01463,0.00085,33.7189
2001fe,63,0.01467,0.00085,33.8916
2013fa,51,0.01472,0.00085,33.7894
2000dm,57,0.01484,0.00085,34.0109
PSNJ2043531,150,0.01492,0.00085,34.1902
2011df,51,0.01493,0.00085,33.8524
2005el,57,0.01499,0.00086,33.974
2005el,64,0.01499,0.00086,33.9261
2001cn,50,0.01515,0.00086,33.8877
2005de,57,0.01519,0.00085,34.1793
SN2017jl,150,0.01525,0.00096,33.7706
ASASSN-16ad,150,0.01529,0.00085,34.0334
ATLAS16cxr,150,0.01542,0.00131,34.3426
iPTF16auf,150,0.01543,0.00085,34.0744
2008bc,5,0.01546,0.00086,34.0331
2011im,56,0.01549,0.00085,34.2732
1999ej,57,0.0155,0.00085,34.2581
1999ej,62,0.0155,0.00085,34.2112
2001en,57,0.0155,0.00085,33.9994
2001en,63,0.0155,0.00085,33.8852
2001V,63,0.01557,0.00124,33.7902
2001V,50,0.01557,0.00124,33.8072
2008ec,57,0.01562,0.00085,34.1732
2008ec,56,0.01562,0.00085,34.1302
2008eo,51,0.01565,0.00092,34.3317
2009nq,66,0.01576,0.00085,34.1657
2005al,5,0.01578,0.00085,33.9986
2013hn,56,0.01578,0.00085,34.0697
2001bf,57,0.01581,0.00086,33.9926
2001bf,63,0.01581,0.00086,33.9004
ASASSN-15oh,150,0.01587,0.00085,34.3916
1994S,61,0.01588,0.00085,34.0287
1999aa,57,0.0159,0.00085,34.1663
1999aa,62,0.0159,0.00085,34.1323
2002cs,57,0.0159,0.00085,34.0329
iPTF14bdn,56,0.01603,0.00085,34.1062
2007ss,65,0.01652,0.00085,34.4137
2010kg,56,0.01652,0.00085,33.9999
2013fw,51,0.01656,0.00085,34.1608
2013Q,56,0.01657,0.00085,33.9726
iPTF13dge,56,0.01662,0.00085,34.2793
2007fs,51,0.01666,0.00086,34.3408
SN2016gfr,150,0.01671,0.00086,33.8985
ASASSN-16ip,150,0.01678,0.00085,34.1679
2007A,5,0.01682,0.00085,34.4649
2007A,65,0.01682,0.00085,34.5341
PSNJ0107203,150,0.01682,0.00085,33.9673
1998ef,57,0.0169,0.00085,33.841
1998ef,62,0.0169,0.00085,33.8975
ASASSN-15ti,150,0.01692,0.00085,34.4894
ASASSN-15od,150,0.01698,0.00085,34.3409
1996bv,61,0.01699,0.00085,34.0755
1997Y,62,0.01705,0.00085,34.1973
2001da,57,0.01718,0.00085,34.022
2001da,63,0.01718,0.00085,34.2003
ASASSN-15kx,150,0.0172,0.00085,34.6084
2000dk,57,0.0173,0.00085,34.1436
2000dk,62,0.0173,0.00085,34.1517
2007fb,51,0.01733,0.00085,34.4009
2007fb,65,0.01733,0.00085,34.5101
2006ef,57,0.01734,0.00085,34.361
2008C,5,0.01737,0.00085,34.31
2008C,65,0.01737,0.00085,34.2669
2004fz,57,0.01743,0.00085,33.7799
2006ax,64,0.01747,0.00086,34.3228
2006ax,5,0.01747,0.00086,34.3133
1998V,62,0.01752,0.00085,34.1465
2013gs,56,0.01776,0.00085,34.2221
2008L,57,0.01778,0.00085,34.3364
2008L,64,0.01778,0.00085,34.2464
2009le,5,0.01784,0.00085,34.2939
2009le,66,0.01784,0.00085,34.2418
2000dr,57,0.0179,0.00086,34.2975
2007as,5,0.01802,0.00097,34.2661
1992bo,50,0.01808,0.00086,34.6078
2010ai,66,0.01826,0.00085,34.9792
ASASSN-17co,150,0.01826,0.00086,34.2005
PS15coh,150,0.01839,0.00085,34.4393
2009gf,65,0.01855,0.00085,34.492
2009gf,56,0.01855,0.00085,34.576
2016ffh,51,0.01865,0.00085,34.6171
ATLAS16cpu,150,0.01865,0.00085,34.5716
2000cu,57,0.01866,0.00086,34.6066
2011fs,51,0.01875,0.00085,34.5466
2011fs,56,0.01875,0.00085,34.4866
ASASSN-16cs,150,0.01905,0.00085,34.4286
2006kf,5,0.01947,0.00085,34.7747
2006kf,64,0.01947,0.00085,34.8085
2008hs,56,0.01975,0.00085,34.757
2008hs,65,0.01975,0.00085,34.7394
2007au,57,0.01976,0.00085,34.6865
2016W,150,0.01995,0.00085,34.3648
2002kf,63,0.02001,0.00085,34.6854
1992bc,50,0.02006,0.00086,34.5121
2009ds,5,0.02019,0.00086,34.5072
2009ds,65,0.02019,0.00086,34.702
2006ej,57,0.02023,0.00085,34.5995
2006ej,56,0.02023,0.00085,34.5012
2006ej,5,0.02023,0.00085,34.576
2006ej,64,0.02023,0.00085,34.6482
2002jy,63,0.02024,0.00085,34.9988
2016hpw,18,0.02034,0.00087,34.8165
ATLAS16dqf,150,0.02034,0.00087,34.5749
2005ki,64,0.02035,0.00085,34.5709
2005ki,5,0.02035,0.00085,34.5656
2005ki,51,0.02035,0.00085,34.4931
ASASSN-15lg,150,0.02044,0.00085,34.6552
2001dl,57,0.02049,0.00085,35.1263
PSNJ1602512,150,0.02052,0.00086,34.556
2007st,5,0.02056,0.00085,34.4168
ASASSN-17bs,150,0.02056,0.00085,34.5647
2010A,66,0.02081,0.00085,34.4863
2003W,57,0.02082,0.00085,34.674
2003W,63,0.02082,0.00085,34.6349
2001br,57,0.0209,0.00087,34.8118
ASASSN-16lc,18,0.02096,0.00086,34.6956
AT2016eoa,150,0.02106,0.00085,34.6693
ASASSN-16lg,150,0.02116,0.00086,34.375
2004bw,57,0.02116,0.00087,34.8194
2008Z,57,0.02118,0.00085,35.118
2008Z,65,0.02118,0.00085,35.2056
2007bc,57,0.02131,0.00085,34.7561
2007bc,5,0.02131,0.00085,34.7344
2007bc,64,0.02131,0.00085,34.7419
SN2016ajf,150,0.02134,0.00085,34.7627
2009dc,5,0.02137,0.00085,34.3468
2018fop,18,0.02151,0.00086,34.5899
ASASSN-15uv,150,0.02153,0.00085,34.6114
ASASSN-18da,18,0.0217,0.00086,34.7709
2006et,64,0.02183,0.00086,34.7583
2006et,5,0.02183,0.00086,34.7742
1999dg,57,0.02197,0.00086,34.8589
2001cp,57,0.02198,0.00085,34.9654
1995ak,61,0.02203,0.00085,34.6739
2009na,66,0.02205,0.00085,34.7477
ASASSN-18iu,18,0.02207,0.00086,34.8847
ATLAS16dpb,150,0.02215,0.00085,35.0481
SNF20080514-002,57,0.02219,0.00085,35.0136
2006dm,57,0.02228,0.00087,34.8059
2006dm,56,0.02228,0.00087,34.8234
2008ia,5,0.02231,0.00086,34.9245
2004bg,57,0.02234,0.00085,34.7727
2004bg,63,0.02234,0.00085,34.8704
2002cu,57,0.02236,0.00085,34.7814
2006cp,64,0.02239,0.00085,34.7714
2006cp,57,0.02239,0.00085,34.8603
2000fa,57,0.0224,0.00085,34.759
2000fa,62,0.0224,0.00085,34.7997
ASASSN-16bn,18,0.02241,0.00086,35.0392
ASASSN-17aj,150,0.02255,0.00086,34.7306
AT2017cfb,150,0.02266,0.00085,34.8438
2006bq,64,0.0227,0.00086,34.8693
2002ef,57,0.02273,0.00087,34.6849
2010cr,56,0.02295,0.00085,35.2685
ASASSN-15il,150,0.02295,0.00087,34.8584
2000cn,57,0.02298,0.00085,34.9992
2000cn,62,0.02298,0.00085,34.9712
2017hoq,18,0.02303,0.00086,34.985
2009jb,56,0.02307,0.00086,34.7666
2014ai,51,0.02313,0.00085,35.0225
ASASSN-14fa,56,0.02316,0.00087,34.883
2004at,57,0.02321,0.00085,34.9168
PS15cku,150,0.02325,0.00086,35.0537
2007ci,57,0.02331,0.00085,34.6478
2007ci,64,0.02331,0.00085,34.4301
2009al,51,0.02342,0.00087,34.9851
2009al,5,0.02342,0.00087,35.0081
2009al,65,0.02342,0.00087,34.9783
2009cz,56,0.02343,0.00085,34.8582
2009cz,5,0.02343,0.00085,34.8582
ASASSN-15nr,150,0.02344,0.00087,34.8331
2004bk,57,0.02352,0.00085,34.8391
2018enc,18,0.02354,0.00086,34.9998
2007qe,57,0.02357,0.00085,35.0406
2007qe,64,0.02357,0.00085,34.9509
ATLAS17bas,150,0.02357,0.00085,34.5715
ASASSN-15tz,150,0.02365,0.00085,34.9543
2010ao,51,0.02369,0.00085,34.943
2006sr,64,0.02388,0.00085,34.9949
ASASSN-15jt,150,0.0239,0.00085,34.889
ASASSN-16em,150,0.0239,0.00086,34.994
2000ca,50,0.02391,0.00088,34.8993
1998eg,62,0.02401,0.00085,35.1018
PS1-14xw,56,0.02411,0.00085,35.1049
2010gp,56,0.02411,0.00085,34.4711
2000bh,50,0.02412,0.00087,34.8782
2007F,51,0.02417,0.00085,34.9421
2007F,64,0.02417,0.00085,35.084
1993H,50,0.02428,0.00086,35.1803
AT2016bln,150,0.02429,0.00085,35.0771
2006ac,57,0.02432,0.00085,34.9871
2006ac,64,0.02432,0.00085,34.953
ASASSN-15sf,150,0.02432,0.00131,35.2317
2005bg,5,0.02434,0.00085,35.0102
2009D,5,0.02453,0.00086,35.008
2009D,51,0.02453,0.00086,35.0746
2009D,65,0.02453,0.00086,34.9493
PS16ccn,150,0.02457,0.00087,35.1784
2008bf,57,0.02462,0.00131,35.1061
2008bf,5,0.02462,0.00131,35.0521
2008bf,64,0.02462,0.00131,34.8898
1994M,61,0.02464,0.00085,34.9528
2004br,57,0.02464,0.00085,34.807
ASASSN-16hz,150,0.02466,0.00087,34.8112
2003he,57,0.02491,0.00087,35.0862
2001cj,57,0.02494,0.00085,35.1973
Gaia16agf,150,0.02509,0.00086,35.2152
2007cq,56,0.0251,0.00086,34.8369
2007cq,64,0.0251,0.00086,34.8482
2003it,63,0.0251,0.00085,35.079
2007cq,57,0.0251,0.00086,35.009
AT2017cfc,150,0.02512,0.00087,35.0276
2011dn,56,0.02513,0.00085,34.4583
2007sw,65,0.02517,0.00086,34.9117
2012bh,51,0.02517,0.00086,35.1989
370356,15,0.02517,0.00086,35.2277
2002he,57,0.02519,0.00086,35.1139
2002he,63,0.02519,0.00086,35.1145
2018jjd,18,0.02521,0.00086,34.9842
2002bf,63,0.02525,0.00085,34.9441
2002bf,50,0.02525,0.00085,34.9063
ASASSN-16bq,150,0.02534,0.00086,35.1882
PS15ahs,150,0.02534,0.00086,35.1974
PSNJ0153424,150,0.02556,0.00085,35.1828
SN2017hn,150,0.02557,0.00085,35.0621
1992ag,50,0.02585,0.00087,34.7664
SN2017ms,150,0.02591,0.00086,35.1181
PSNJ2352371,150,0.02596,0.00085,35.4014
2005M,57,0.02598,0.00086,35.2931
2005M,5,0.02598,0.00086,35.1081
2005M,64,0.02598,0.00086,34.835
SN2017mf,150,0.02598,0.00086,35.3111
2005mc,5,0.02626,0.00086,35.2855
2005mc,64,0.02626,0.00086,35.3429
ASASSN-15uu,150,0.02632,0.00086,35.0223
2005ms,64,0.02669,0.00086,35.308
1999gp,62,0.02691,0.00086,35.2688
1999gp,57,0.02691,0.00086,35.2892
ASASSN-15mf,150,0.02695,0.00086,35.1184
ASASSN-17at,150,0.02713,0.00086,35.2513
SNF20071021-000,57,0.02714,0.00087,35.3224
2013fn,56,0.0273,0.00086,35.2892
2002eb,57,0.02731,0.00091,35.2673
2007co,57,0.02731,0.00086,35.3437
2007co,56,0.02731,0.00086,35.1118
2007co,64,0.02731,0.00086,35.227
1992P,50,0.02736,0.00086,35.313
2007su,65,0.0274,0.00086,35.3042
ASASSN-15fa,150,0.02741,0.00086,35.5236
2005na,5,0.02748,0.00086,35.113
2005na,64,0.02748,0.00086,35.1538
2005na,57,0.02748,0.00086,35.1117
ASASSN-16av,150,0.02773,0.00086,35.3467
2006gj,5,0.02803,0.00086,35.7258
2010ii,51,0.02805,0.00086,35.1306
2006ev,5,0.0281,0.00086,35.6739
PSNJ0252467,150,0.02816,0.00086,35.3613
2009aa,5,0.02819,0.00088,35.3174
2011hb,56,0.0282,0.00089,35.2874
2005eq,57,0.02823,0.00086,35.5061
2005eq,5,0.02823,0.00086,35.5563
2005eq,64,0.02823,0.00086,35.558
2003U,63,0.02833,0.00086,35.2665
2009ad,65,0.02844,0.00086,35.372
2009ad,5,0.02844,0.00086,35.3421
2002el,57,0.02849,0.00087,35.1049
2008ar,57,0.02849,0.00086,35.4368
2008ar,5,0.02849,0.00086,35.2913
2008ar,65,0.02849,0.00086,35.359
AT2017ns,150,0.02849,0.00094,35.1963
2004gs,5,0.02857,0.00086,35.5996
SN2017ckx,150,0.02858,0.00086,35.6596
2007is,65,0.02866,0.00086,35.3449
2013bs,51,0.02866,0.00087,35.4105
1998ab,62,0.02873,0.00086,34.9487
1993ah,50,0.02888,0.00088,35.2763
2006qo,64,0.02898,0.00086,35.4779
ASASSN-15la,150,0.02902,0.00086,35.0558
1996C,61,0.02913,0.00086,35.5152
PS16cvc,150,0.02915,0.00086,35.6948
ASASSN-15fs,150,0.02917,0.00086,35.2391
2003ch,63,0.02919,0.00087,35.6024
ASASSN-16ay,150,0.02938,0.00086,35.6222
PSNJ0859349,150,0.02938,0.00086,35.472
ASASSN-16fs,150,0.02944,0.00086,35.2761
LSQ12gdj,56,0.02947,0.00086,35.0939
2000cw,57,0.02949,0.00086,35.6079
2002de,57,0.0295,0.00086,35.3638
ASASSN-16aj,150,0.02953,0.00086,35.4654
ASASSN-16br,150,0.02956,0.00087,35.5064
AT2017zd,150,0.02969,0.00087,35.2781
ASASSN-16hh,18,0.02978,0.00086,35.5015
ATLAS17ajn,150,0.02978,0.00086,35.5116
Gaia16bba,150,0.0299,0.00086,35.4354
1997dg,62,0.02996,0.00086,35.861
2004ef,57,0.03012,0.00086,35.5195
2004ef,5,0.03012,0.00086,35.4838
2004ef,64,0.03012,0.00086,35.4761
ASASSN-15nq,150,0.03023,0.00086,35.5185
AT2017lm,150,0.03031,0.00086,35.5542
ASASSN-16fo,150,0.03036,0.00088,35.4803
ASASSN-16es,18,0.03047,0.00086,35.5345
AT2016cyt,150,0.03059,0.00086,35.3586
2013fy,56,0.03075,0.00087,35.3522
ASASSN-15uw,150,0.03076,0.00087,35.6084
ASASSN-16hr,150,0.03083,0.00086,35.4648
PS15cwx,150,0.03086,0.00087,35.4164
1990O,50,0.03091,0.00087,35.4926
2001ba,50,0.03096,0.00087,35.6481
2009eu,51,0.03108,0.00178,35.9224
2009fv,51,0.03108,0.00086,35.406
2009fv,65,0.03108,0.00086,35.3374
SNF20080909-030,57,0.0311,0.00086,35.565
2008gg,51,0.03114,0.00087,35.67
2008gg,5,0.03114,0.00087,35.5409
1999cc,62,0.03116,0.00086,35.5877
AT2017wb,150,0.03117,0.00086,35.5304
MASTEROTJ08,150,0.03118,0.00087,35.6675
2007bd,51,0.0312,0.00087,35.4957
2007bd,5,0.0312,0.00087,35.5793
2007bd,64,0.0312,0.00087,35.4841
2006bt,57,0.03121,0.00086,35.772
2006bt,5,0.03121,0.00086,35.7428
2006bt,64,0.03121,0.00086,35.7867
2006bw,64,0.03132,0.00086,35.6231
ASASSN-15hg,150,0.03143,0.00086,35.6461
ATLAS17axb,150,0.03143,0.00087,35.5602
2010gn,56,0.03147,0.00086,35.9119
CSS160428,150,0.03148,0.00087,35.7017
2000dn,57,0.03148,0.00089,35.707
2006en,57,0.03162,0.00086,35.6474
2006en,64,0.03162,0.00086,35.6847
2008bq,5,0.03166,0.00087,35.7279
ASASSN-16oz,150,0.03192,0.00218,35.4592
2006az,64,0.03201,0.00086,35.4896
010026,15,0.03236,0.00086,35.6746
AT2017po,150,0.03255,0.00086,35.576
2007ai,5,0.0326,0.00087,35.8562
2007ai,64,0.0326,0.00087,35.8577
2007ux,5,0.03264,0.00086,35.8808
2007ux,65,0.03264,0.00086,35.6656
ASASSN-15pr,150,0.03264,0.00087,35.9082
2008gl,65,0.03272,0.00088,35.6638
2008gl,51,0.03272,0.00088,35.6366
2008gl,5,0.03272,0.00088,35.6431
SN2016hpx,150,0.03282,0.00098,35.6329
SN2017cii,150,0.03289,0.00086,35.8381
2006te,64,0.0329,0.00086,35.7248
2006os,5,0.03294,0.00088,35.7992
2004as,57,0.03296,0.00086,35.7324
2004as,63,0.03296,0.00086,35.8907
ASASSN-16bc,150,0.03298,0.00087,35.6164
2008gp,5,0.03333,0.00088,35.6643
2008gp,51,0.03333,0.00088,35.7268
2010ag,66,0.03335,0.00086,35.8159
2005iq,64,0.03341,0.00087,35.8647
2005iq,5,0.03341,0.00087,35.8516
PS15bsq,150,0.03371,0.00086,35.7797
2004L,63,0.03373,0.00086,35.829
2003gn,57,0.03375,0.00086,36.0229
2003cq,63,0.03378,0.00086,35.8276
2006S,64,0.03393,0.00086,35.9089
2011dl,51,0.03403,0.00086,35.7587
2006gr,57,0.03428,0.00086,35.9188
2006gr,64,0.03428,0.00086,35.9378
ASASSN-16dw,150,0.03437,0.00088,35.7837
2007ba,5,0.03441,0.00086,35.825
ATLAS17ajs,150,0.03451,0.00086,35.9757
1996bl,61,0.03459,0.00087,35.7348
2003kc,63,0.03479,0.00086,35.8566
2003iv,63,0.03491,0.00088,35.9118
ASASSN-15jl,150,0.03512,0.00086,35.8816
1992bg,50,0.03515,0.00088,35.8937
2005eu,57,0.03516,0.00507,35.8012
2005eu,64,0.03516,0.00507,35.8038
2008at,65,0.03522,0.00088,35.8349
ASASSN-15tg,150,0.03529,0.00086,35.861
2007hu,65,0.03551,0.00086,35.9905
PTSS-16efw,150,0.03568,0.00086,36.234
2016fbk,51,0.03576,0.00086,35.9591
AT2016fbk,150,0.03576,0.00086,36.1545
1994T,61,0.03583,0.00086,35.9325
ASASSN-15mi,150,0.03585,0.00086,35.5515
ASASSN-15ss,150,0.03599,0.00087,35.9909
2001ck,57,0.03616,0.00093,35.8586
PS15bbn,150,0.03624,0.00087,36.1845
ASASSN-15lu,150,0.03635,0.00086,36.0035
2008hj,5,0.03682,0.00088,35.9282
2008hj,65,0.03682,0.00088,35.8836
2000dg,57,0.03697,0.00087,36.0748
2002G,57,0.03702,0.00086,35.8056
2002G,63,0.03702,0.00086,35.9287
2006mo,64,0.03702,0.00088,36.0695
2008ei,57,0.03702,0.001,36.08
2002hu,63,0.03705,0.00132,35.9637
2000cf,62,0.03707,0.00087,36.0475
2001eh,57,0.03725,0.00088,36.0067
2001eh,63,0.03725,0.00088,35.9927
ASASSN-16db,150,0.0373,0.00086,35.8698
AT2016hns,150,0.0374,0.00087,35.9789
ASASSN-15bc,150,0.03753,0.00087,35.949
2007jg,51,0.03756,0.00086,36.3333
2007jg,5,0.03756,0.00086,36.2185
AT2016cvw,150,0.03787,0.00087,36.0063
2002eu,57,0.0379,0.00093,36.0624
2008gb,65,0.03796,0.00087,36.0889
2007O,57,0.03818,0.00087,35.8938
2007O,64,0.03818,0.00087,35.8617
2008fr,65,0.03828,0.00218,36.1141
SN2017ciy,150,0.03834,0.00136,36.5177
2008O,5,0.03847,0.00088,36.2254
2009bv,65,0.03848,0.00087,36.2564
2008051,65,0.03873,0.00087,36.0125
ASASSN-15np,150,0.03884,0.00087,36.026
2010dw,66,0.03902,0.00088,36.0125
ASASSN-15pn,150,0.03909,0.00087,36.1962
1999aw,50,0.0391,0.00132,36.2125
2008dr,57,0.04014,0.00087,36.284
PS15cze,150,0.04035,0.00087,36.5486
2003fa,57,0.04056,0.00088,36.0167
2003fa,63,0.04056,0.00088,36.0818
SN2016glz,150,0.04077,0.00087,35.9918
PS16axi,150,0.04089,0.00087,36.1263
SN2017coa,150,0.04095,0.00312,36.4104
2009do,65,0.04099,0.00087,36.0403
2001az,63,0.04101,0.00087,36.3153
2007jh,5,0.04167,0.00087,36.5601
1992bl,50,0.04222,0.00089,36.2101
2014bj,51,0.04258,0.00507,36.5106
2006cf,64,0.04268,0.00087,36.2931
2006cz,64,0.04268,0.0009,35.9138
2007kk,51,0.04285,0.00088,36.2521
2007kk,65,0.04285,0.00088,36.2071
AT2016htm,150,0.04289,0.00088,36.2018
ASASSN-16ct,150,0.04306,0.00087,36.2457
SN2016ayg,150,0.04349,0.00088,36.4165
2007nq,5,0.04349,0.00087,36.2137
2007nq,65,0.04349,0.00087,36.2882
MASTERJ0134,150,0.04369,0.00087,36.2594
ASASSN-15mg,150,0.04408,0.00087,36.3298
AT2016cvv,150,0.04438,0.00096,36.5469
2005ku,5,0.04439,0.00087,36.2916
1992bh,50,0.0444,0.00218,36.551
2006gt,5,0.04464,0.00087,36.5114
2006hx,5,0.04487,0.00087,36.4565
PS16cqa,150,0.04521,0.00087,36.6866
PSNJ1204051,150,0.04545,0.00087,36.4541
2005hc,64,0.04575,0.00087,36.4634
2005hc,5,0.04575,0.00087,36.5139
SN2016esh,150,0.04583,0.00087,36.1579
PS17tn,150,0.0459,0.00087,36.3811
2008050,65,0.04625,0.0009,36.2636
AT2016ews,150,0.04631,0.00087,36.5394
2005lz,64,0.04643,0.00088,36.3247
360156,15,0.04656,0.00087,36.5081
2004gu,5,0.04664,0.00087,36.4713
2008cf,5,0.04682,0.00088,36.4786
2008cf,65,0.04682,0.00088,36.4857
AT2017yk,150,0.04691,0.00089,36.7582
2016afk,150,0.04738,0.00087,36.5642
PS16fa,150,0.0476,0.00087,36.6009
PS15aii,150,0.04777,0.00087,36.5946
PS17akj,150,0.04777,0.00087,36.5627
ATLAS16agv,150,0.04819,0.00089,36.4976
ASASSN-15pm,150,0.04837,0.00089,36.3735
1995ac,61,0.0486,0.00087,36.3303
AT2016gmg,150,0.04865,0.00088,36.641
1990af,50,0.04934,0.00089,36.5997
PS16el,150,0.0494,0.00087,36.4691
2006cq,64,0.04944,0.00088,36.5828
1993ag,50,0.04985,0.00089,36.6402
PS15asb,150,0.04989,0.00094,36.4714
1998dx,62,0.05018,0.00088,36.5693
PS16dnp,150,0.05023,0.00088,36.8583
2007kh,65,0.05032,0.00508,36.5403
ASASSN-17eb,150,0.05044,0.00088,36.4621
PS15brr,150,0.05049,0.00088,36.5461
2008hu,5,0.05052,0.00089,36.7036
AT2016cor,150,0.05066,0.00088,36.8523
PS16fbb,150,0.05106,0.00088,36.8804
2003ic,63,0.05126,0.00088,36.393
ASASSN-16hc,150,0.05151,0.00088,36.5862
1993O,50,0.05194,0.00091,36.7759
2006ot,5,0.05202,0.00089,36.8679
2006ot,64,0.05202,0.00089,36.5433
AT2016htn,150,0.05222,0.00089,36.8411
PS16evk,150,0.05262,0.00088,36.9144
PS16n,150,0.05309,0.00088,36.7752
2010dt,66,0.05316,0.00088,36.8474
2006lu,5,0.05346,0.00088,36.8631
PS16bby,150,0.05468,0.00088,36.8327
PS16ayd,150,0.05469,0.00088,36.8581
SN2017cpu,150,0.05502,0.00088,36.6433
490007,15,0.05541,0.00088,36.8676
AT2017oz,150,0.05614,0.00088,36.8109
2006py,5,0.05653,0.00088,36.9098
PS16aer,150,0.05693,0.00088,37.0393
2005hj,5,0.05708,0.00088,36.9903
2008eq,51,0.05728,0.00088,37.0687
2006ob,5,0.05824,0.00088,36.9821
2006ob,64,0.05824,0.00088,36.9324
SN2016gmb,150,0.0583,0.00089,36.9545
2001ah,63,0.05886,0.00088,36.9802
2001ah,57,0.05886,0.00088,37.146
LSQ13crf,56,0.05974,0.00508,36.3001
SN2017cjv,150,0.06092,0.0009,37.032
2008bz,5,0.06099,0.00089,37.1631
2008bz,65,0.06099,0.00089,37.1925
SN2016hhv,150,0.06121,0.0009,37.1383
2008go,51,0.06137,0.0009,36.9608
2008go,5,0.06137,0.0009,36.9691
2006oa,64,0.06153,0.00089,37.0747
1992bs,50,0.06372,0.0009,37.3517
SN2016aqb,150,0.06384,0.00089,37.0197
PS16bnz,150,0.06446,0.00091,37.0786
2007ae,64,0.06533,0.00096,37.0851
PS15cms,150,0.06627,0.00089,37.3617
6057,1,0.06654,0.00089,37.1627
SN2016ixf,150,0.06711,0.0009,37.4237
AT2016aj,150,0.06725,0.00089,37.2344
PS15bjg,150,0.06786,0.00089,37.4935
CSS160129,150,0.06844,0.00134,37.2381
2006al,64,0.06886,0.00089,37.4213
PTSS17-niq,150,0.06897,0.00089,37.2817
1993B,50,0.07023,0.0009,37.2944
2008Y,51,0.07056,0.00089,37.2961
2008Y,65,0.07056,0.00089,37.2775
PS17yt,150,0.07073,0.00089,37.4787
PS16em,150,0.07083,0.00091,37.4814
2006on,64,0.07089,0.00089,37.4543
470043,15,0.0709,0.01004,37.7291
ATLAS16bwu,150,0.07091,0.00089,37.3712
PS15bdr,150,0.07116,0.00089,37.3552
PS15bwh,150,0.07158,0.00099,37.2494
370566,15,0.07167,0.00134,37.4155
PS15mt,150,0.07193,0.0009,37.5618
2007jd,5,0.07222,0.00089,37.6319
PS15atx,150,0.07252,0.00093,37.6225
Gaia16aki,150,0.07393,0.0009,37.5535
1992ae,50,0.0744,0.0009,37.4346
PS17bii,150,0.07446,0.0009,37.4501
7876,1,0.0752,0.0009,37.4763
2005ir,5,0.0752,0.0009,37.5656
2010hs,51,0.0756,0.00508,37.8142
AT2016gsu,150,0.07575,0.0009,37.5461
370333,15,0.07588,0.00134,37.6342
PS15bif,150,0.07845,0.00094,37.5715
Gaia16acv,150,0.07859,0.0009,37.8315
17186,1,0.07875,0.0009,38.0154
2007hx,5,0.07875,0.0009,38.0942
560033,15,0.07895,0.01004,37.5988
12779,1,0.07906,0.0009,37.7843
PS15bzz,150,0.07931,0.0009,37.53
350316,15,0.07991,0.00135,37.6003
2005ag,5,0.08009,0.0009,37.6668
12950,1,0.08167,0.0009,37.7215
130308,15,0.08245,0.0009,37.8192
12898,1,0.08282,0.0009,37.6774
12781,1,0.08309,0.00092,37.9939
SN2016glp,150,0.0841,0.00091,37.9686
3592,1,0.08572,0.00091,37.8406
SN2016grz,150,0.08704,0.00103,37.8484
1241,1,0.0887,0.00091,37.7772
590194,15,0.09039,0.00091,37.9202
370066,15,0.09089,0.00135,38.0269
300105,15,0.09205,0.00091,38.1602
iPTF17dz,150,0.09293,0.01004,38.2226
010010,15,0.0995,0.00096,38.4377
160099,15,0.10165,0.00092,38.2982
000190,15,0.10221,0.00136,38.4085
140181,15,0.10246,0.00092,38.2511
100405,15,0.10294,0.00136,38.1815
13135,1,0.10361,0.00092,38.3338
20064,1,0.10374,0.00092,38.2079
13038,1,0.10507,0.00508,38.4295
18697,1,0.10661,0.00092,38.2611
20625,1,0.10707,0.00092,38.4624
3256,1,0.10711,0.00092,38.4295
120225,15,0.10713,0.00136,38.7801
21034,1,0.10774,0.00092,38.4984
500038,15,0.10794,0.00092,38.4017
7147,1,0.10908,0.00092,38.4016
020027,15,0.11001,0.00136,38.5701
18650,1,0.11259,0.00093,38.6214
18612,1,0.11388,0.00093,38.3876
8719,1,0.1165,0.00093,38.5408
5395,1,0.11653,0.00106,38.6302
2561,1,0.1176,0.00093,38.5727
16259,1,0.11792,0.00093,38.6088
1371,1,0.11818,0.00093,38.4157
000137,15,0.11901,0.00137,38.5629
5549,1,0.12014,0.00093,38.5958
12860,1,0.12058,0.00093,38.7926
490008,15,0.12086,0.01004,38.6348
19953,1,0.12207,0.00094,38.5945
390259,15,0.12231,0.00137,38.6119
18835,1,0.12278,0.00094,38.6853
2916,1,0.12316,0.00106,38.5967
16021,1,0.12357,0.00094,38.6164
13894,1,0.12377,0.00106,38.8009
570062,15,0.12383,0.00137,38.8242
6406,1,0.12393,0.00094,38.6504
19543,1,0.12405,0.00509,38.835
13044,1,0.12472,0.00094,38.7616
15459,1,0.1256,0.00094,39.1417
2992,1,0.12623,0.00094,38.4956
16069,1,0.12706,0.00094,38.8125
744,1,0.1271,0.00094,38.6849
14871,1,0.1272,0.00106,38.7429
18855,1,0.12732,0.00094,38.7841
22075,1,0.1292,0.00094,38.7547
1032,1,0.12921,0.00094,38.8403
5751,1,0.1295,0.00094,38.833
18415,1,0.12958,0.00094,38.8429
18809,1,0.13169,0.00094,38.802
151034,15,0.13281,0.00138,38.7841
1334084,10,0.13366,0.00107,38.8266
15508,1,0.13372,0.00095,38.8434
14108,1,0.13477,0.00509,39.2366
15234,1,0.13535,0.00095,39.0775
000014,15,0.13614,0.00138,38.9771
17629,1,0.13658,0.00095,38.8475
19775,1,0.137,0.00095,39.0095
18602,1,0.13713,0.00095,38.9616
21062,1,0.13745,0.00095,39.3511
17366,1,0.13822,0.00095,38.8857
15171,1,0.13826,0.00107,38.9503
190340,15,0.1384,0.00138,39.0229
20084,1,0.13851,0.00095,39.0401
12928,1,0.13875,0.00107,38.9999
190230,15,0.1388,0.00138,39.0467
090275,15,0.13955,0.00138,39.0213
1794,1,0.14082,0.00095,39.1775
17208,1,0.14104,0.00509,39.2835
340229,15,0.14123,0.00138,39.0407
1317666,10,0.14134,0.00107,39.1237
2635,1,0.14325,0.00108,39.047
17568,1,0.14345,0.00108,39.5154
190260,15,0.14359,0.00138,39.1135
17497,1,0.14404,0.00095,39.0756
8921,1,0.14423,0.00095,39.016
17605,1,0.14542,0.00096,39.1518
1296657,10,0.14638,0.00108,39.1857
440008,15,0.14652,0.00138,39.158
1316385,10,0.14737,0.00108,39.0154
13796,1,0.14747,0.00096,38.9672
14024,1,0.14771,0.00096,39.134
180166,15,0.14778,0.00138,39.161
1293758,10,0.14803,0.00108,39.2285
14437,1,0.14806,0.00096,39.0382
1255502,10,0.14834,0.00108,39.0239
13736,1,0.14898,0.00096,39.1606
2308,1,0.1494,0.00509,39.1104
000038,15,0.1505,0.00139,39.1058
460003,15,0.15084,0.00139,39.1687
2031,1,0.15195,0.00108,39.0477
18323,1,0.15291,0.00096,39.3239
15132,1,0.15318,0.00096,39.2175
18740,1,0.15336,0.00096,39.0991
19353,1,0.15341,0.00096,39.2564
16073,1,0.15357,0.00096,39.3639
5550,1,0.15511,0.00096,39.2076
16116,1,0.15526,0.00096,39.278
18030,1,0.15536,0.00096,39.3994
19940,1,0.15601,0.00125,38.9704
13354,1,0.15671,0.00096,39.2087
16206,1,0.15856,0.00097,39.0794
440042,15,0.15921,0.01005,39.4267
14782,1,0.15931,0.00109,38.9503
15425,1,0.15948,0.00097,39.0908
1299775,10,0.16004,0.00109,39.0428
3317,1,0.16008,0.00097,39.2286
2689,1,0.16053,0.00097,39.2057
390627,15,0.16061,0.01005,39.4242
5103,1,0.16077,0.00097,39.2162
120336,15,0.16122,0.00139,39.3106
17825,1,0.16236,0.00509,39.3252
19174,1,0.16375,0.00109,39.2807
3087,1,0.16448,0.00097,39.2634
19616,1,0.16471,0.00097,39.3293
20764,1,0.16495,0.00097,39.3182
20430,1,0.16603,0.00109,39.4938
12843,1,0.16606,0.00097,39.1817
12853,1,0.16828,0.00109,39.2757
350233,15,0.16924,0.0014,39.5155
17389,1,0.16971,0.00098,39.6721
12856,1,0.17042,0.00098,39.4742
590005,15,0.17124,0.01005,39.5424
310039,15,0.17169,0.0014,39.4603
19282,1,0.17256,0.0011,39.5021
1303279,10,0.1727,0.0011,39.2676
100090,15,0.17297,0.0014,39.7263
3080,1,0.17331,0.00098,39.3871
15897,1,0.17374,0.00098,39.5403
120143,15,0.17378,0.0014,39.3493
15648,1,0.17392,0.00098,39.5986
14421,1,0.17417,0.00098,39.5734
16165,1,0.1742,0.0011,39.3317
5350,1,0.17438,0.0011,39.5053
15583,1,0.17443,0.0011,39.5546
19969,1,0.17444,0.00098,39.4849
18604,1,0.17498,0.00098,39.7434
14979,1,0.17666,0.0011,39.5164
17218,1,0.17713,0.00098,39.5095
14451,1,0.17737,0.0011,39.4771
17220,1,0.17786,0.00098,39.3394
370428,15,0.17791,0.0014,39.6477
5635,1,0.17852,0.00099,39.9669
6936,1,0.17901,0.00098,39.641
300179,15,0.17911,0.0014,39.7672
13045,1,0.17931,0.00098,39.5355
1347120,10,0.17952,0.0051,39.5509
2372,1,0.17973,0.00098,39.5519
1303496,10,0.17975,0.0011,39.5962
13254,1,0.18004,0.00098,39.9979
14284,1,0.1805,0.00099,39.3688
420159,15,0.18073,0.0014,39.5035
330023,15,0.18078,0.0014,39.7166
350548,15,0.18082,0.0014,39.6391
360112,15,0.18086,0.01005,39.6151
17215,1,0.18092,0.00099,39.6213
370595,15,0.18126,0.01005,39.6585
15443,1,0.18136,0.00099,39.4868
1339392,10,0.18145,0.0011,39.3953
17332,1,0.18217,0.00099,39.5863
1580,1,0.18229,0.00099,39.5259
1250017,10,0.18231,0.00111,39.6885
15453,1,0.18252,0.00111,39.7821
17391,1,0.1836,0.00111,39.5995
1257695,10,0.18375,0.00111,39.68
17168,1,0.18389,0.00099,39.752
20048,1,0.18402,0.00099,39.796
1296321,10,0.18458,0.00111,39.9384
15421,1,0.18459,0.00099,39.7891
8213,1,0.18484,0.00099,39.6548
15461,1,0.18493,0.00099,39.613
1336453,10,0.18506,0.00111,39.7435
6422,1,0.18515,0.00099,39.6347
16281,1,0.18522,0.00099,39.5427
370563,15,0.18527,0.00141,39.7882
15365,1,0.18667,0.00099,39.7559
18807,1,0.18728,0.00111,39.7694
5994,1,0.18809,0.0051,39.7451
12927,1,0.18906,0.00099,39.4384
16100,1,0.18908,0.00111,39.8089
1273127,10,0.18929,0.00111,39.9359
18787,1,0.18929,0.00099,40.1408
18749,1,0.18948,0.00099,39.7413
440643,15,0.18952,0.01005,39.7624
6304,1,0.18995,0.00099,39.7286
762,1,0.19025,0.00099,39.8807
20687,1,0.19042,0.00099,39.6892
2440,1,0.19044,0.00099,39.9182
16276,1,0.19413,0.0051,39.7983
2246,1,0.19434,0.00111,39.8787
20821,1,0.19546,0.00112,40.1343
1253920,10,0.19553,0.00112,39.7111
14984,1,0.19557,0.00112,39.9082
15674,1,0.19568,0.00112,39.958
000236,15,0.19616,0.00141,39.7288
15129,1,0.19621,0.001,39.7747
1298893,10,0.19627,0.00112,39.8397
1334620,10,0.19635,0.00112,39.8927
13070,1,0.19733,0.001,39.8018
18804,1,0.19741,0.001,39.6932
1302058,10,0.19782,0.00112,39.492
15222,1,0.19817,0.001,39.7561
1316431,10,0.19828,0.0051,39.8879
13370,1,0.19861,0.00112,40.3246
360145,15,0.19877,0.00141,39.8881
19658,1,0.19878,0.00112,39.889
18768,1,0.19908,0.0051,40.0216
110460,15,0.19953,0.00141,39.8511
500504,15,0.19961,0.00141,39.6764
560150,15,0.1997,0.00141,39.8965
19101,1,0.20077,0.00112,39.6837
470232,15,0.20083,0.01005,39.9838
370308,15,0.20087,0.01005,39.7672
590002,15,0.20128,0.01005,39.8575
13152,1,0.20231,0.001,39.6184
19913,1,0.20249,0.00112,39.9949
6780,1,0.20279,0.001,39.8373
14212,1,0.2032,0.001,39.9658
15203,1,0.20329,0.00101,39.8822
16032,1,0.20331,0.00112,39.9277
7243,1,0.20334,0.001,39.9335
15901,1,0.20382,0.00102,39.9041
18965,1,0.20469,0.001,39.8809
110033,15,0.20483,0.00142,39.8427
17801,1,0.20523,0.00112,40.1661
15872,1,0.20562,0.00101,39.8126
1327978,10,0.20691,0.00112,39.9225
15201,1,0.20748,0.00101,40.316
1283373,10,0.20751,0.00112,40.0725
20376,1,0.2084,0.00129,39.7299
15467,1,0.20856,0.00101,39.8758
200132,15,0.20868,0.01005,40.1034
15259,1,0.2087,0.00101,39.8639
140152,15,0.20879,0.00142,39.8798
16482,1,0.20948,0.00101,39.8413
550154,15,0.21015,0.00142,40.1479
19149,1,0.21037,0.00101,39.4543
460105,15,0.21084,0.01005,39.9632
14157,1,0.21095,0.00113,39.806
18940,1,0.21114,0.00101,39.9552
1257366,10,0.21134,0.00113,40.1415
7847,1,0.21174,0.00101,39.9676
17811,1,0.212,0.00113,39.9136
18927,1,0.21225,0.00113,39.9374
13305,1,0.2135,0.00101,40.0218
8495,1,0.21365,0.00101,40.0084
6933,1,0.21398,0.0051,39.8874
110567,15,0.2144,0.00142,40.0179
1249851,10,0.21507,0.00113,39.8825
14019,1,0.21521,0.00113,40.4641
1316,1,0.21578,0.00101,40.2253
100206,15,0.2165,0.00142,39.8253
17435,1,0.21689,0.00113,40.0672
7473,1,0.21692,0.0051,40.0932
20364,1,0.21742,0.00102,40.1395
13641,1,0.21794,0.00113,39.9942
1290816,10,0.21845,0.00113,40.2216
1304678,10,0.21881,0.00113,40.1416
9467,1,0.21897,0.00102,40.1925
5533,1,0.21898,0.00102,40.1292
1342255,10,0.21899,0.00113,40.0296
1302187,10,0.21941,0.00113,40.0048
15433,1,0.2195,0.00102,40.1098
000220,15,0.21972,0.00143,40.0616
18466,1,0.21978,0.00113,40.0882
14331,1,0.2199,0.00102,40.2387
19230,1,0.22017,0.00113,39.9228
7512,1,0.22066,0.0051,40.1876
15354,1,0.22083,0.00113,40.0798
370098,15,0.22132,0.00143,40.0441
480464,15,0.22132,0.01005,40.0588
1331123,10,0.2215,0.00113,40.1937
13025,1,0.22299,0.00102,40.3257
14846,1,0.22349,0.00102,40.1511
330083,15,0.22385,0.00143,40.0162
1304442,10,0.22449,0.0051,40.1293
550096,15,0.22449,0.00143,39.9449
1292560,10,0.22493,0.00114,40.1126
030066,15,0.22542,0.00143,40.1491
13727,1,0.22543,0.00102,40.1329
15229,1,0.22551,0.00114,40.1856
020096,15,0.22578,0.00143,39.9865
19992,1,0.22645,0.00114,40.3912
1315192,10,0.22726,0.0051,40.097
1315259,10,0.22818,0.00114,40.2236
180561,15,0.22865,0.00143,40.1604
13072,1,0.22928,0.00103,40.2229
3452,1,0.22978,0.00103,40.1351
21033,1,0.2302,0.0051,40.1283
000006,15,0.23041,0.00143,40.3062
040780,15,0.23082,0.00143,40.0717
19008,1,0.23086,0.00114,40.1049
360140,15,0.23092,0.01005,40.2958
17875,1,0.23125,0.00103,40.3169
430004,15,0.23162,0.00143,40.201
1302648,10,0.23164,0.00114,40.0875
1275946,10,0.23205,0.00114,40.2045
15369,1,0.23282,0.0051,39.8341
1292336,10,0.23367,0.00114,40.1857
350047,15,0.23378,0.00143,40.4148
1336687,10,0.23391,0.00114,40.1788
12971,1,0.23395,0.00103,40.1389
110536,15,0.23472,0.00144,40.1912
1279500,10,0.23481,0.00114,40.2784
1319366,10,0.23494,0.00114,40.158
1298281,10,0.2352,0.0051,40.1629
19341,1,0.23556,0.00103,40.2336
15287,1,0.23639,0.00103,40.3805
310574,15,0.23662,0.00144,40.2636
13511,1,0.23664,0.00103,40.4674
12881,1,0.23685,0.00103,40.119
16350,1,0.23693,0.00103,40.2279
1317277,10,0.23721,0.00115,40.2245
20768,1,0.23746,0.00104,40.7365
17884,1,0.23789,0.00103,40.2317
470008,15,0.2395,0.01005,39.9059
18486,1,0.23981,0.0012,40.13
510251,15,0.2402,0.01005,40.3847
580300,15,0.24085,0.00144,40.4016
510550,15,0.24122,0.00144,40.3291
460064,15,0.24151,0.00144,40.1214
17223,1,0.24164,0.00115,40.172
14481,1,0.2422,0.00104,40.564
20111,1,0.2428,0.00104,40.4217
480064,15,0.24284,0.00144,40.5734
20088,1,0.24329,0.00104,40.2516
13506,1,0.24354,0.00104,40.538
19023,1,0.2441,0.00511,40.2956
15466,1,0.24444,0.00104,40.2064
3377,1,0.24459,0.00115,40.1263
000174,15,0.24511,0.00144,40.3336
420407,15,0.24523,0.00144,40.4957
20039,1,0.24553,0.00104,40.3582
000010,15,0.24585,0.00144,40.4318
13835,1,0.24617,0.00104,40.3473
15219,1,0.2465,0.00104,40.378
12977,1,0.24656,0.00104,40.2829
05D3mq,4,0.2466,0.00144,40.3907
1334645,10,0.24711,0.00115,40.1983
3451,1,0.24846,0.00104,40.203
420087,15,0.2486,0.01005,40.4912
450082,15,0.24861,0.01005,40.4276
560152,15,0.24862,0.01005,40.3657
15161,1,0.24865,0.00104,40.3256
19990,1,0.24896,0.00104,40.427
120585,15,0.24909,0.00144,40.3167
3199,1,0.24972,0.00116,40.6733
16106,1,0.24983,0.00116,40.2961
15868,1,0.24986,0.00104,40.3915
520077,15,0.25019,0.01005,40.5965
390449,15,0.25022,0.01005,40.3764
13689,1,0.25043,0.00104,40.4145
5717,1,0.25051,0.00116,40.5692
500004,15,0.25063,0.00144,40.3009
16213,1,0.2509,0.00511,40.3873
17552,1,0.25199,0.00104,40.4698
310161,15,0.2526,0.00145,40.4622
9032,1,0.2526,0.00116,40.4066
000034,15,0.2533,0.00145,40.3688
17464,1,0.25358,0.00116,40.0303
5736,1,0.25407,0.00511,40.4546
1336480,10,0.25616,0.00116,40.6458
1112,1,0.2562,0.00105,40.5593
17340,1,0.25637,0.00105,40.3729
9457,1,0.25683,0.00105,40.5023
19207,1,0.25731,0.00116,40.5776
18325,1,0.25736,0.00105,40.4941
8046,1,0.25772,0.00105,40.6088
6108,1,0.25813,0.00116,40.528
550041,15,0.25859,0.01005,40.4663
1297026,10,0.25865,0.00116,40.51
1303883,10,0.25904,0.00511,40.5418
1289664,10,0.25919,0.00511,40.2879
1335694,10,0.25923,0.00511,40.4255
12972,1,0.25948,0.00116,40.5238
1330426,10,0.25952,0.00511,40.442
020176,15,0.26062,0.00145,40.5033
370498,15,0.26094,0.01006,40.6128
15440,1,0.26141,0.00105,40.447
1337649,10,0.26162,0.00116,40.4182
2017,1,0.26172,0.00105,40.6874
19702,1,0.26173,0.00116,40.681
1253,1,0.26175,0.00105,40.392
13655,1,0.26184,0.00105,40.6935
18945,1,0.262,0.00117,40.7216
13956,1,0.26303,0.00511,41.2641
520019,15,0.26323,0.00145,40.6388
04D3ez,4,0.2636,0.00117,40.3997
350235,15,0.26393,0.00145,40.5588
330022,15,0.26397,0.00145,40.3035
12983,1,0.26408,0.00105,40.6342
2943,1,0.26419,0.00117,40.5074
110478,15,0.2646,0.00145,40.5153
13099,1,0.26463,0.00105,40.6719
2422,1,0.26582,0.00511,40.6087
6315,1,0.26583,0.00117,40.3244
1334087,10,0.2664,0.00117,40.2901
18463,1,0.267,0.00106,40.5463
1309288,10,0.26791,0.00117,40.5103
520023,15,0.26818,0.00146,40.4623
530037,15,0.26859,0.01006,40.579
06D3fp,4,0.2686,0.00146,40.4553
14298,1,0.26887,0.00117,40.6039
510638,15,0.2702,0.01006,40.6363
19002,1,0.27021,0.00106,40.5089
310051,15,0.27057,0.00146,40.5139
160039,15,0.27094,0.00146,40.4887
380378,15,0.27141,0.00146,40.5677
1292332,10,0.27276,0.00117,40.5415
15356,1,0.27351,0.00107,40.4721
420258,15,0.27456,0.00146,40.7399
100213,15,0.27509,0.00146,40.7769
150254,15,0.27516,0.00146,40.5286
20227,1,0.27585,0.00107,40.6631
19051,1,0.27631,0.00106,40.6749
4000,1,0.27668,0.00107,40.8504
4046,1,0.27776,0.00511,40.6186
1297465,10,0.27782,0.00118,40.9187
5957,1,0.27935,0.00107,40.7037
6196,1,0.2799,0.00107,40.5056
040201,15,0.27995,0.00146,40.5664
520188,15,0.2806,0.00146,40.6663
18485,1,0.28132,0.00118,40.6224
1317286,10,0.28207,0.00511,40.5986
06D3dt,4,0.28266,0.00107,40.744
15584,1,0.28344,0.00107,40.6596
310238,15,0.28405,0.00147,40.5735
14261,1,0.28446,0.00107,40.5431
16072,1,0.28446,0.00107,40.6919
17791,1,0.28478,0.00118,41.1135
440050,15,0.28557,0.00147,40.7046
350080,15,0.28588,0.00147,40.671
20040,1,0.28665,0.00108,40.6389
20245,1,0.28734,0.00107,40.5691
17809,1,0.28758,0.00107,40.5379
19128,1,0.28775,0.00511,40.8753
1334644,10,0.28814,0.00118,40.7075
1313594,10,0.28844,0.00118,40.749
091869,15,0.28854,0.00147,40.7458
2165,1,0.28894,0.00511,40.9433
2789,1,0.28901,0.00108,40.7428
1334597,10,0.28905,0.00511,40.6763
1310395,10,0.28907,0.00511,40.702
350180,15,0.28949,0.01006,40.9765
1289288,10,0.28995,0.00119,40.7393
570056,15,0.29008,0.00147,40.7298
19596,1,0.29045,0.00119,40.7861
19027,1,0.29123,0.00108,40.484
1291090,10,0.29193,0.00119,40.7606
1263715,10,0.29196,0.00119,40.7653
12841,1,0.29215,0.00108,40.7505
390264,15,0.29221,0.00147,40.4229
21006,1,0.29251,0.00511,40.6378
420414,15,0.29256,0.00147,40.6952
150509,15,0.29293,0.00147,40.7458
130755,15,0.29298,0.00147,40.8268
6249,1,0.29365,0.00108,40.857
1303004,10,0.29504,0.00512,40.762
19794,1,0.2958,0.00108,41.0209
580270,15,0.29587,0.00147,40.9989
1119,1,0.29647,0.00108,40.9938
13610,1,0.29692,0.00108,40.6595
1293319,10,0.29695,0.00119,40.7505
420196,15,0.29853,0.01006,41.2705
570025,15,0.29855,0.01006,40.6539
6137,1,0.29893,0.00119,40.9195
10550,1,0.29933,0.00108,41.0113
120444,15,0.29945,0.00147,41.0213
14735,1,0.29947,0.00108,40.7335
170428,15,0.3002,0.00147,40.9837
5391,1,0.3003,0.00119,40.8795
350078,15,0.30089,0.00148,41.1729
350192,15,0.30142,0.01006,40.8585
570022,15,0.30152,0.00148,41.1086
460037,15,0.30251,0.00148,40.8894
1339002,10,0.30304,0.0012,40.8204
150457,15,0.30352,0.00148,40.9204
7143,1,0.30365,0.00109,41.0778
1287626,10,0.30404,0.00512,40.719
19818,1,0.30406,0.00109,40.7052
1335717,10,0.30476,0.0012,41.0411
1259412,10,0.30486,0.0012,40.9018
12883,1,0.30526,0.0012,40.5924
350630,15,0.30538,0.00148,40.9054
440005,15,0.30548,0.00148,41.0041
350027,15,0.30581,0.00148,40.9451
560087,15,0.30652,0.00148,40.8959
340334,15,0.30681,0.00148,41.16
1281668,10,0.30691,0.0012,40.9573
520062,15,0.30818,0.00148,41.2018
5966,1,0.30834,0.00109,40.9533
1319821,10,0.30878,0.0012,40.9954
6699,1,0.30922,0.0012,41.046
5844,1,0.30938,0.0012,40.9757
16211,1,0.30949,0.00109,41.0177
21042,1,0.30962,0.0012,40.72
1300516,10,0.31052,0.0012,40.6197
15213,1,0.31061,0.0012,40.9962
500100,15,0.31088,0.01006,41.046
000420,15,0.31144,0.00148,41.0123
1338128,10,0.31179,0.0012,41.0377
1337838,10,0.31203,0.0012,40.9503
1263369,10,0.31262,0.0012,40.9565
1294743,10,0.31267,0.0012,41.0352
20142,1,0.3127,0.0012,40.6239
1283878,10,0.31296,0.0012,41.0195
1341894,10,0.31303,0.0012,41.0061
19632,1,0.31387,0.0011,41.0228
530112,15,0.31453,0.00148,41.1251
15383,1,0.31506,0.0011,41.0194
6649,1,0.3152,0.00512,40.8837
110716,15,0.31588,0.00148,41.2033
15776,1,0.31593,0.0011,40.933
6100,1,0.31623,0.00121,41.1979
100163,15,0.31782,0.00149,41.0738
1345553,10,0.31804,0.00121,41.0772
080646,15,0.31822,0.00149,41.0199
550059,15,0.3185,0.00149,41.3345
310188,15,0.31901,0.01006,41.141
440509,15,0.31901,0.01006,40.8941
170078,15,0.32096,0.00149,41.2315
330128,15,0.32104,0.00149,40.9546
1266657,10,0.32118,0.00512,41.1921
120085,15,0.32206,0.00149,40.7271
580104,15,0.32223,0.00121,40.8628
1261579,10,0.32223,0.00121,40.8774
7475,1,0.32276,0.00512,40.9316
05D2ab,4,0.32446,0.00149,41.0699
050291,15,0.32548,0.00149,41.2273
500301,15,0.3256,0.00149,41.2625
18617,1,0.3258,0.00111,41.1639
1305626,10,0.32581,0.00121,41.0478
1308326,10,0.32632,0.00121,41.0504
14456,1,0.32804,0.00111,41.0002
050303,15,0.32842,0.00149,41.3079
530219,15,0.32848,0.01006,41.351
430003,15,0.32851,0.00149,40.934
1337687,10,0.32868,0.00122,41.0716
1306073,10,0.32868,0.00122,41.1
6924,1,0.32871,0.00512,40.9276
1316465,10,0.32907,0.00122,41.0566
13934,1,0.32941,0.00111,41.4109
540163,15,0.32952,0.00149,41.2391
1301933,10,0.32968,0.00122,41.1031
13830,1,0.32995,0.00111,40.8444
120369,15,0.33047,0.00149,41.2306
1338675,10,0.33056,0.00122,41.1674
4241,1,0.33063,0.00122,41.1689
480184,15,0.33089,0.00149,41.1586
370394,15,0.3309,0.01006,40.996
03D1fc,4,0.33103,0.00149,41.0098
580235,15,0.33147,0.01006,41.0301
20106,1,0.33147,0.00122,41.2335
370344,15,0.33147,0.00149,41.1012
470041,15,0.33189,0.00149,41.0149
1306141,10,0.33237,0.00122,40.977
130862,15,0.33298,0.0015,41.3299
1309492,10,0.3335,0.00122,41.0025
1346956,10,0.3335,0.00122,41.0366
16093,1,0.3345,0.00111,41.1204
500511,15,0.33498,0.0015,41.0251
1346966,10,0.3351,0.00122,41.0242
1314897,10,0.33671,0.00122,41.0367
470015,15,0.33749,0.0015,41.1678
040782,15,0.33751,0.0015,41.0098
04D3kr,4,0.33762,0.0015,41.1477
1300912,10,0.33778,0.00122,41.1537
380318,15,0.33818,0.0015,41.145
580276,15,0.33848,0.0015,41.1131
1343337,10,0.33897,0.00122,41.0555
04D3nh,4,0.34061,0.0015,41.1737
320258,15,0.34098,0.0015,41.0587
2533,1,0.34111,0.00512,41.0641
1336009,10,0.34169,0.00123,41.2122
1346387,10,0.34446,0.00512,41.3081
350606,15,0.34448,0.0015,41.2914
1329312,10,0.34487,0.00123,41.2333
470110,15,0.34545,0.0015,41.2033
03D1bp,4,0.34602,0.0015,41.3318
310090,15,0.34696,0.0015,41.4163
050301,15,0.34717,0.0015,41.1174
330089,15,0.34881,0.0015,41.3721
160198,15,0.3491,0.00151,41.2499
1258906,10,0.34912,0.00123,41.282
070955,15,0.34932,0.00151,41.1406
380279,15,0.34939,0.00151,41.2033
04D2mc,4,0.34949,0.00151,41.005
05D2ie,4,0.34949,0.00151,41.3756
440185,15,0.34949,0.01006,41.1526
20186,1,0.34968,0.00123,41.4873
1248677,10,0.35015,0.00123,41.1867
000196,15,0.35059,0.00151,41.2342
050296,15,0.35099,0.00151,41.2532
05D2hc,4,0.35149,0.01006,41.4798
120400,15,0.35149,0.00151,41.3343
160197,15,0.35372,0.00151,41.3657
05D2mp,4,0.35519,0.0012,41.4647
1688,1,0.35774,0.00113,41.3574
1334423,10,0.358,0.00124,41.3539
04D3fk,4,0.35842,0.00133,41.2423
04D2fs,4,0.3585,0.00151,41.1484
1280217,10,0.35909,0.00513,41.1532
160070,15,0.35909,0.00151,41.4429
1307830,10,0.35946,0.00513,41.4213
050293,15,0.36017,0.00151,41.187
160126,15,0.36034,0.00151,41.0791
470244,15,0.36091,0.01006,41.4328
420417,15,0.36147,0.00151,41.1159
1294014,10,0.3628,0.00124,41.2452
1346137,10,0.36325,0.00124,41.364
560121,15,0.36499,0.00152,41.4626
100358,15,0.36623,0.00152,41.136
190209,15,0.36656,0.00152,41.2327
1308582,10,0.36713,0.00124,41.2088
350083,15,0.3679,0.00152,41.2627
04D1hd,4,0.36799,0.00152,41.4699
1343533,10,0.36839,0.00125,41.5479
1283936,10,0.36857,0.00125,41.463
15704,1,0.36962,0.00114,41.4498
18091,1,0.36987,0.00114,41.2185
510578,15,0.37023,0.01007,41.3794
04D2cf,4,0.37052,0.00152,41.3759
05D4bm,4,0.37053,0.00152,41.3833
13136,1,0.37057,0.00114,41.6395
05D3jr,4,0.37062,0.01007,41.273
390471,15,0.37062,0.00152,41.0698
320469,15,0.37095,0.00152,41.4098
1291957,10,0.37138,0.00125,41.334
000199,15,0.37153,0.00152,41.3842
05D4fo,4,0.37153,0.00152,41.4289
05D4cw,4,0.37353,0.00152,41.3114
16232,1,0.37436,0.00115,41.4722
1299643,10,0.37676,0.00125,41.4155
1282736,10,0.37805,0.00125,41.3598
590031,15,0.37852,0.00152,41.4271
7779,1,0.37991,0.00125,41.2959
320099,15,0.37997,0.00152,41.4154
500057,15,0.38061,0.01007,41.4614
110425,15,0.38092,0.00153,41.4511
1299785,10,0.38129,0.00126,41.4549
000011,15,0.38153,0.00153,41.6775
040150,15,0.38185,0.00153,41.5615
580275,15,0.38248,0.00153,41.3726
1343401,10,0.38291,0.00126,41.3678
1281886,10,0.38402,0.00126,41.5182
360139,15,0.386,0.00153,41.5217
1338170,10,0.38672,0.00126,41.3791
550218,15,0.38744,0.00153,41.5567
050251,15,0.38781,0.00153,41.6302
420352,15,0.38895,0.01007,41.383
1290779,10,0.38949,0.00513,41.544
120086,15,0.39255,0.00153,41.4742
1291794,10,0.3951,0.00127,41.4677
1296273,10,0.39706,0.00513,41.259
1333438,10,0.39944,0.00127,41.7119
05D4ff,4,0.4005,0.00154,41.4918
110734,15,0.40221,0.00154,41.4795
580312,15,0.40293,0.00154,41.5478
1329615,10,0.40368,0.00127,41.616
06D3ed,4,0.40463,0.00154,41.6747
350050,15,0.40483,0.00154,41.3373
05D4dt,4,0.4055,0.00154,41.7807
1308314,10,0.40646,0.00514,41.6914
1341370,10,0.40895,0.00514,41.7002
1306390,10,0.4092,0.00128,41.7405
450339,15,0.40935,0.00154,41.7061
06D4cq,4,0.40949,0.00154,41.6784
020090,15,0.41004,0.00154,41.6836
1307277,10,0.41123,0.00128,41.662
530251,15,0.4114,0.00154,41.8335
520071,15,0.41161,0.00154,41.8131
1315296,10,0.41266,0.00128,41.7893
04D2fp,4,0.41657,0.00155,41.7295
05D2dw,4,0.41857,0.00155,41.6174
440162,15,0.41936,0.00155,41.6863
550137,15,0.41939,0.00155,41.4604
1289600,10,0.4196,0.00129,41.8662
05D3cf,4,0.41965,0.00155,41.7981
1340454,10,0.41995,0.00129,41.4394
550202,15,0.42036,0.00155,41.8343
1306626,10,0.42088,0.00129,41.6178
110430,15,0.42094,0.00155,41.728
1306991,10,0.42195,0.00129,41.5336
04D4gg,4,0.42247,0.00155,41.6483
1345594,10,0.42249,0.00129,41.6796
490037,15,0.42348,0.00155,41.5955
160200,15,0.4236,0.00155,41.8403
1302523,10,0.42399,0.00129,41.7264
1312274,10,0.42459,0.00129,41.7483
1295027,10,0.42568,0.00129,41.7039
1258940,10,0.42602,0.00129,41.7517
050003,15,0.427,0.00155,41.813
110542,15,0.42703,0.00155,41.8348
110719,15,0.42793,0.00155,42.2757
05D2cb,4,0.42859,0.00156,41.8825
440236,15,0.42895,0.01007,41.6443
1306029,10,0.42903,0.00514,41.8266
100101,15,0.42976,0.00156,41.9219
080723,15,0.4302,0.00156,41.8354
04D1rh,4,0.43494,0.00156,41.7828
06D4co,4,0.43546,0.00156,41.5839
000142,15,0.43683,0.00156,42.0051
1336008,10,0.4376,0.0013,41.6253
1333246,10,0.43783,0.0013,41.882
1310338,10,0.4389,0.00514,41.4679
560027,15,0.43891,0.00156,41.6682
050607,15,0.43935,0.00156,41.8262
040166,15,0.44013,0.00156,42.1401
510266,15,0.44067,0.01007,41.6364
1328105,10,0.44149,0.0013,41.6823
1295256,10,0.44245,0.00514,41.8523
06D3df,4,0.44263,0.00156,41.9039
06D2gb,4,0.44361,0.00157,41.793
1291080,10,0.44391,0.00514,41.8069
040137,15,0.44764,0.00157,41.8552
1328066,10,0.44886,0.00514,41.8853
1320166,10,0.44891,0.00514,41.9875
050580,15,0.45068,0.00157,41.6446
520016,15,0.45106,0.01007,41.9281
04D2gb,4,0.45162,0.01007,41.5892
120094,15,0.45162,0.00157,41.9923
04D3gt,4,0.45163,0.00157,41.7162
1290127,10,0.45218,0.00131,41.9959
1253101,10,0.45328,0.00131,41.7953
1253039,10,0.45346,0.00514,41.8863
1334302,10,0.45458,0.00131,41.7873
1306360,10,0.45477,0.00131,41.8839
1345582,10,0.45885,0.00515,41.9679
380199,15,0.46064,0.01007,42.0021
510597,15,0.46104,0.01007,42.0162
05D3lc,4,0.46164,0.00158,41.9839
03D4au,4,0.46643,0.00158,42.3424
000215,15,0.46654,0.00158,42.048
04D4jr,4,0.46842,0.01007,41.9733
1339149,10,0.46887,0.00132,41.7631
04D4ju,4,0.47042,0.00158,42.2151
05D3mx,4,0.47065,0.01007,42.0135
370367,15,0.47163,0.00158,41.9798
1316437,10,0.47204,0.00515,42.0374
05D2bv,4,0.47565,0.00159,41.938
370329,15,0.47786,0.00159,42.2269
310146,15,0.47941,0.01008,41.8695
1306537,10,0.47946,0.00515,42.0107
560054,15,0.47988,0.00159,41.8956
05D3dd,4,0.48064,0.01008,42.0041
05D2ac,4,0.48065,0.00159,41.9748
120044,15,0.48164,0.00159,42.3055
05D1ix,4,0.48888,0.01008,42.0842
1292145,10,0.49244,0.00134,42.2783
1343208,10,0.49499,0.00134,42.0821
1305504,10,0.49566,0.00134,42.1453
03D1ax,4,0.49579,0.00126,42.0817
05D4af,4,0.49739,0.0016,42.1268
06D2bk,4,0.50067,0.0016,42.257
350374,15,0.50098,0.0016,42.1165
1337272,10,0.50282,0.00135,42.161
030006,15,0.50285,0.0016,42.0703
510457,15,0.50306,0.0016,42.1484
03D1au,4,0.50316,0.00135,42.1444
1335472,10,0.50593,0.00135,42.079
1343759,10,0.50615,0.00135,42.1043
310091,15,0.50725,0.00161,42.2358
05D4av,4,0.50739,0.00161,42.2419
090201,15,0.50825,0.00161,42.0193
180313,15,0.51016,0.00161,42.0945
110484,15,0.51095,0.00161,42.0583
05D2dy,4,0.51169,0.01008,42.3885
04D1pg,4,0.51387,0.00161,42.2567
04D4in,4,0.51437,0.00136,42.2259
04D2mj,4,0.51469,0.00161,42.3259
1338430,10,0.51726,0.00136,42.0932
1334470,10,0.51883,0.00516,42.1949
310260,15,0.51885,0.01008,42.1824
450175,15,0.51941,0.00161,42.2438
06D3el,4,0.51968,0.00161,42.2905
04D2gc,4,0.52271,0.00162,42.3496
1295921,10,0.524,0.00516,42.1774
1322229,10,0.5262,0.00137,42.1702
050005,15,0.52859,0.00162,42.0855
1322979,10,0.52937,0.00516,42.2913
330106,15,0.53099,0.00162,41.8802
160066,15,0.53111,0.00162,42.5109
1338471,10,0.53124,0.00137,42.5253
1337703,10,0.53225,0.00137,41.9821
06D2ca,4,0.53271,0.00162,42.2472
06D2cc,4,0.53372,0.00162,42.1649
05D4ek,4,0.53435,0.00162,42.1433
05D4be,4,0.53534,0.00162,42.3205
05D2eb,4,0.53572,0.00162,42.2134
1289656,10,0.53942,0.00516,42.3338
110426,15,0.54097,0.00163,42.2791
1324542,10,0.54152,0.00138,42.53
520041,15,0.54545,0.00163,42.5633
04D4bq,4,0.54834,0.01008,42.0235
1306980,10,0.54881,0.00516,42.1695
050201,15,0.55021,0.00163,42.3253
06D4bo,4,0.55033,0.00163,42.3728
1339450,10,0.55046,0.00139,42.4104
04D3hn,4,0.55267,0.00164,42.1938
06D2ck,4,0.55375,0.00164,42.49
1337117,10,0.55384,0.00139,42.0827
05D1ee,4,0.55782,0.00164,42.4389
05D1kl,4,0.55882,0.00164,42.7331
04D1hx,4,0.55882,0.00164,42.2975
1289555,10,0.56181,0.0014,42.2937
1303952,10,0.56269,0.0014,42.6016
05D1cc,4,0.56283,0.00164,42.4296
1285317,10,0.56437,0.0014,42.3928
1330903,10,0.56437,0.0014,42.4881
1338278,10,0.56437,0.0014,42.3969
05D1dn,4,0.56481,0.00164,42.4873
1317454,10,0.56879,0.00517,42.2407
1306785,10,0.57542,0.00141,42.1912
05D2dt,4,0.57577,0.00165,42.5915
050203,15,0.57619,0.00165,42.4887
06D3et,4,0.57668,0.00165,42.4263
1337228,10,0.57737,0.00141,42.645
03D4gf,4,0.5783,0.01009,42.4174
110721,15,0.57831,0.00165,42.4512
05D1dx,4,0.57882,0.01009,42.4272
1332059,10,0.57891,0.00517,42.5317
05D3jq,4,0.57967,0.00165,42.3923
05D3gp,4,0.58067,0.01009,42.573
03D1aw,4,0.5808,0.00517,42.7061
04D1jg,4,0.58301,0.00141,42.5408
05D4ej,4,0.5833,0.00166,42.7974
04D1kj,4,0.58382,0.00166,42.4765
04D1sa,4,0.58382,0.00166,42.6489
1338387,10,0.5839,0.00517,42.4199
05D1hm,4,0.58582,0.00166,42.707
05D4bf,4,0.5873,0.00166,42.6241
04D1oh,4,0.58879,0.01009,42.5021
03D4gg,4,0.59029,0.00166,42.5156
04D2mh,4,0.59179,0.01009,42.4508
05D3lr,4,0.60067,0.01009,42.6116
1338233,10,0.60155,0.00143,42.7562
05D4ef,4,0.60328,0.00167,42.7503
1335564,10,0.60626,0.00143,42.6158
03D4dy,4,0.60827,0.01009,42.5904
1302141,10,0.60876,0.00518,42.4282
1332413,10,0.60878,0.00518,42.6179
05D2he,4,0.60981,0.00167,42.6876
04D3do,4,0.61071,0.01009,42.6686
04D4an,4,0.61127,0.00167,42.9049
1295305,10,0.61177,0.00518,42.701
05D1ck,4,0.61577,0.00168,42.7085
1308957,10,0.61875,0.00518,42.7164
1335868,10,0.61941,0.00518,42.6948
000202,15,0.61983,0.00168,42.7557
04D3co,4,0.6207,0.01009,42.6988
04D2an,4,0.62183,0.01009,42.5894
03D4dh,4,0.62525,0.00141,42.6577
04D4fx,4,0.62725,0.00169,42.585
05D1cb,4,0.63077,0.00169,42.6632
05D2ci,4,0.63183,0.00169,42.3111
03D4at,4,0.63225,0.00169,42.8493
1330642,10,0.63399,0.00145,42.5972
04D1pu,4,0.63777,0.00169,42.5298
1343871,10,0.63794,0.00145,42.8637
05D4ag,4,0.63824,0.01009,42.6594
1337325,10,0.63873,0.00518,42.7804
1334879,10,0.63934,0.00518,42.79
05D2ec,4,0.64185,0.0017,42.8476
1308568,10,0.64311,0.00146,42.3609
04D3cy,4,0.64371,0.0017,42.7992
05D3ax,4,0.64371,0.0017,42.8034
05D3lb,4,0.6477,0.0017,42.819
1338266,10,0.64852,0.00146,43.0397
05D3kt,4,0.6487,0.0017,42.7335
1334707,10,0.64962,0.00146,42.7805
04D1sk,4,0.66213,0.00147,42.9793
05D3hs,4,0.6647,0.00171,42.8698
05D3mh,4,0.67072,0.0101,43.0677
03D1co,4,0.67773,0.00172,43.2251
05D2bt,4,0.6819,0.0101,42.8376
06D3cc,4,0.68372,0.00172,43.1716
04D4ic,4,0.68519,0.00172,43.0166
05D1ke,4,0.68872,0.0101,42.8137
1262715,10,0.68935,0.00519,42.8535
1262214,10,0.68936,0.00519,43.0444
06D3em,4,0.69072,0.0101,42.9143
03D4cz,4,0.69318,0.00173,42.9162
04D4ib,4,0.69718,0.00173,42.9692
06D4ba,4,0.69818,0.0101,42.9671
05D4bj,4,0.69918,0.00173,42.9402
05D4cq,4,0.69918,0.00173,43.0691
1335718,10,0.69932,0.0052,43.1107
05D2ck,4,0.69992,0.00173,43.1147
04D1si,4,0.7007,0.00174,42.917
04D4hu,4,0.70117,0.00174,43.0968
04D2iu,4,0.70192,0.0101,42.8962
05D2le,4,0.70192,0.00174,43.0433
05D3gv,4,0.71571,0.00175,42.9944
05D3jh,4,0.71874,0.00175,42.8739
1331993,10,0.71968,0.00152,43.1638
04D1aj,4,0.71969,0.0101,42.97
05D4ev,4,0.72015,0.00175,43.1612
06D3gh,4,0.72074,0.00175,43.0459
06D3do,4,0.72674,0.00175,43.0811
06D3bz,4,0.72774,0.00175,43.008
1304127,10,0.72866,0.0052,43.005
06D4bw,4,0.73014,0.00176,42.9186
1329166,10,0.73161,0.00153,43.1799
04D1pp,4,0.73368,0.00176,42.9845
04D2gp,4,0.73395,0.00176,43.22
05D2fq,4,0.73495,0.00176,43.2537
05D1eo,4,0.73568,0.00176,43.1807
05D2ct,4,0.73596,0.00176,43.1675
05D3jk,4,0.73675,0.00176,42.992
04D2ja,4,0.74196,0.00176,43.4813
04D3fq,4,0.74276,0.00176,43.0825
05D3jb,4,0.74573,0.00177,43.1675
04D2kr,4,0.74607,0.00154,42.9817
04D4im,4,0.74911,0.00177,42.9396
1285160,10,0.7493,0.00521,43.1772
04D3ks,4,0.75074,0.01011,42.9012
05D2nt,4,0.75899,0.00178,43.2469
05D3mn,4,0.76076,0.00178,43.0667
05D4cn,4,0.7611,0.00178,43.1767
05D1if,4,0.76165,0.00178,43.131
04D1qd,4,0.76566,0.00178,43.2369
04D1de,4,0.76666,0.00178,43.4224
05D3hh,4,0.76674,0.00178,43.3623
04D4id,4,0.76709,0.00178,43.5587
04D1pc,4,0.76865,0.00178,43.2929
1329196,10,0.76932,0.00521,43.2168
05D4bi,4,0.77309,0.00178,43.3568
1325358,10,0.77929,0.00522,43.0395
05D4cs,4,0.78807,0.01011,43.3042
03D4fd,4,0.78907,0.0018,43.3837
1309749,10,0.78928,0.00522,43.1995
04D1ks,4,0.79662,0.01011,42.9026
03D1fq,4,0.79863,0.01011,43.4338
Elvis,100,0.83981,0.00523,43.36
Spock,100,0.83981,0.00161,43.2012
Manipogo,100,0.85482,0.00163,43.6168
Vilas,100,0.93585,0.00525,43.5331
Ombo,100,0.97423,0.00172,44.1111
SCP05D0,101,1.01242,0.00175,44.1177
Eagle,100,1.01988,0.00176,44.2757
Ferguson,100,1.02088,0.00528,43.9706
Strolger,100,1.02789,0.00176,44.5364
SCP06U4,101,1.04817,0.00178,44.4229
Gabi,100,1.12092,0.0053,44.4405
SCP06H5,101,1.23225,0.00193,44.3207
Lancaster,100,1.23597,0.00193,44.905
Aphrodite,100,1.29911,0.00535,44.8641
Thoth,100,1.3041,0.00199,44.7206
Inanna,100,1.30611,0.00199,45.0197
SCP05D6,101,1.31317,0.00199,44.7867
washington,106,1.3291,0.02009,44.8745
Borg,100,1.34101,0.00537,44.7541
SCP06G4,101,1.35136,0.00202,44.5492
Mcguire,100,1.35608,0.00203,44.8094
Sasquatch,100,1.39103,0.00538,44.7944
SCP06K0,101,1.41633,0.00208,44.4579
carter,106,1.5429,0.04006,45.0902
Primo,106,1.54901,0.00213,45.293
rutledge,106,1.61505,0.00545,45.1595
geta,106,1.69706,0.04006,45.2863
stone,106,1.80119,0.02014,45.4865
wilson,106,1.91165,0.00263,45.4233
colfax,106,2.26137,0.02018,46.1828
